Order_Date,Category,Sales_Amount
2025-01-01,Books,62.04
2025-01-01,Fashion,76.78
2025-01-01,Toys,24.36
2025-01-01,Fashion,36.0
2025-01-01,Fashion,81.97
2025-01-01,Books,13.57
2025-01-01,Fashion,31.24
2025-01-01,Home & Kitchen,83.32
2025-01-01,Home & Kitchen,50.91
2025-01-01,Toys,52.05
2025-01-01,Home & Kitchen,71.49
2025-01-02,Electronics,321.49
2025-01-02,Home & Kitchen,42.8
2025-01-02,Books,26.98
2025-01-02,Fashion,52.95
2025-01-02,Books,40.54
2025-01-02,Fashion,81.6
2025-01-02,Toys,42.03
2025-01-02,Home & Kitchen,96.93
2025-01-02,Books,38.8
2025-01-02,Home & Kitchen,58.28
2025-01-02,Toys,28.85
2025-01-02,Books,31.41
2025-01-02,Books,34.71
2025-01-03,Electronics,305.53
2025-01-03,Books,23.7
2025-01-03,Home & Kitchen,74.06
2025-01-03,Toys,73.18
2025-01-03,Home & Kitchen,66.99
2025-01-03,Home & Kitchen,93.69
2025-01-03,Books,7.71
2025-01-04,Toys,38.32
2025-01-04,Home & Kitchen,72.38
2025-01-04,Home & Kitchen,97.92
2025-01-04,Books,37.56
2025-01-04,Electronics,307.78
2025-01-04,Toys,19.47
2025-01-04,Electronics,336.33
2025-01-04,Books,22.61
2025-01-04,Fashion,41.93
2025-01-04,Fashion,77.41
2025-01-04,Fashion,34.44
2025-01-04,Home & Kitchen,46.95
2025-01-05,Electronics,327.4
2025-01-05,Home & Kitchen,45.72
2025-01-05,Toys,58.78
2025-01-05,Fashion,63.67
2025-01-05,Fashion,37.18
2025-01-05,Fashion,75.65
2025-01-05,Home & Kitchen,54.16
2025-01-05,Fashion,61.36
2025-01-05,Home & Kitchen,41.53
2025-01-05,Toys,27.1
2025-01-05,Electronics,308.86
2025-01-06,Toys,29.96
2025-01-06,Toys,47.39
2025-01-06,Toys,28.73
2025-01-06,Fashion,71.69
2025-01-06,Books,60.78
2025-01-06,Toys,32.74
2025-01-06,Toys,67.29
2025-01-06,Books,18.11
2025-01-07,Fashion,49.46
2025-01-07,Books,26.38
2025-01-07,Electronics,306.33
2025-01-07,Fashion,55.63
2025-01-07,Books,26.15
2025-01-07,Fashion,30.42
2025-01-07,Fashion,55.04
2025-01-07,Toys,56.55
2025-01-08,Books,19.65
2025-01-08,Fashion,49.39
2025-01-08,Electronics,314.23
2025-01-08,Electronics,305.23
2025-01-08,Books,20.11
2025-01-08,Home & Kitchen,82.74
2025-01-08,Toys,32.09
2025-01-08,Electronics,306.01
2025-01-08,Home & Kitchen,70.16
2025-01-08,Toys,35.7
2025-01-08,Electronics,304.37
2025-01-08,Home & Kitchen,71.86
2025-01-08,Home & Kitchen,99.14
2025-01-08,Books,9.85
2025-01-09,Fashion,44.53
2025-01-09,Toys,52.94
2025-01-09,Fashion,78.99
2025-01-09,Electronics,299.04
2025-01-09,Fashion,41.19
2025-01-09,Toys,66.5
2025-01-09,Books,45.65
2025-01-09,Fashion,72.67
2025-01-09,Fashion,50.92
2025-01-09,Books,61.43
2025-01-09,Home & Kitchen,90.26
2025-01-09,Fashion,50.46
2025-01-10,Home & Kitchen,95.48
2025-01-10,Home & Kitchen,55.48
2025-01-10,Books,15.5
2025-01-10,Electronics,321.0
2025-01-10,Electronics,304.51
2025-01-10,Books,38.5
2025-01-10,Fashion,41.32
2025-01-10,Electronics,310.95
2025-01-10,Fashion,81.38
2025-01-10,Electronics,328.52
2025-01-10,Fashion,86.14
2025-01-10,Books,58.91
2025-01-10,Books,39.84
2025-01-11,Fashion,88.42
2025-01-11,Home & Kitchen,49.65
2025-01-11,Home & Kitchen,69.14
2025-01-11,Fashion,69.12
2025-01-11,Electronics,300.56
2025-01-11,Books,19.23
2025-01-11,Toys,25.73
2025-01-11,Fashion,69.46
2025-01-11,Electronics,322.55
2025-01-11,Fashion,52.06
2025-01-11,Toys,44.2
2025-01-11,Fashion,56.06
2025-01-11,Toys,45.16
2025-01-12,Toys,28.81
2025-01-12,Fashion,64.32
2025-01-12,Electronics,292.62
2025-01-12,Books,61.43
2025-01-12,Toys,31.77
2025-01-13,Fashion,74.86
2025-01-13,Toys,70.7
2025-01-13,Electronics,323.17
2025-01-13,Fashion,88.82
2025-01-13,Books,22.67
2025-01-13,Toys,26.45
2025-01-13,Electronics,309.02
2025-01-13,Home & Kitchen,73.41
2025-01-13,Home & Kitchen,95.8
2025-01-13,Home & Kitchen,76.9
2025-01-14,Home & Kitchen,55.25
2025-01-14,Home & Kitchen,92.64
2025-01-14,Electronics,340.92
2025-01-14,Electronics,332.15
2025-01-14,Toys,32.79
2025-01-14,Home & Kitchen,88.61
2025-01-14,Electronics,326.69
2025-01-14,Books,35.68
2025-01-14,Electronics,327.67
2025-01-14,Books,44.0
2025-01-15,Books,39.73
2025-01-15,Fashion,57.94
2025-01-15,Toys,65.34
2025-01-15,Home & Kitchen,41.83
2025-01-15,Books,7.33
2025-01-15,Fashion,37.62
2025-01-15,Electronics,339.67
2025-01-16,Books,55.52
2025-01-16,Books,29.68
2025-01-16,Fashion,68.25
2025-01-16,Books,12.96
2025-01-16,Home & Kitchen,70.98
2025-01-16,Fashion,77.71
2025-01-16,Fashion,56.34
2025-01-16,Home & Kitchen,41.52
2025-01-16,Toys,19.85
2025-01-17,Books,29.54
2025-01-17,Home & Kitchen,94.91
2025-01-17,Home & Kitchen,54.39
2025-01-17,Electronics,329.61
2025-01-17,Toys,53.3
2025-01-17,Toys,59.27
2025-01-17,Toys,51.7
2025-01-17,Fashion,44.86
2025-01-17,Fashion,75.47
2025-01-17,Electronics,310.51
2025-01-17,Books,7.76
2025-01-17,Electronics,308.68
2025-01-17,Books,15.52
2025-01-18,Home & Kitchen,69.5
2025-01-18,Books,15.39
2025-01-18,Toys,38.91
2025-01-18,Home & Kitchen,96.95
2025-01-18,Books,7.72
2025-01-18,Home & Kitchen,77.55
2025-01-18,Home & Kitchen,70.06
2025-01-18,Toys,56.04
2025-01-18,Home & Kitchen,41.59
2025-01-18,Fashion,78.06
2025-01-18,Books,28.29
2025-01-18,Books,12.71
2025-01-18,Toys,47.74
2025-01-18,Toys,52.56
2025-01-19,Electronics,329.09
2025-01-19,Fashion,41.75
2025-01-19,Toys,27.88
2025-01-19,Home & Kitchen,42.34
2025-01-19,Home & Kitchen,80.98
2025-01-20,Home & Kitchen,59.14
2025-01-20,Home & Kitchen,80.9
2025-01-20,Home & Kitchen,55.64
2025-01-20,Books,46.57
2025-01-20,Home & Kitchen,77.74
2025-01-21,Books,30.08
2025-01-21,Toys,31.92
2025-01-21,Home & Kitchen,65.41
2025-01-21,Fashion,89.43
2025-01-21,Books,27.32
2025-01-21,Toys,29.32
2025-01-21,Toys,59.39
2025-01-21,Fashion,36.19
2025-01-21,Electronics,322.06
2025-01-21,Books,54.59
2025-01-21,Toys,68.73
2025-01-21,Electronics,293.21
2025-01-22,Fashion,35.48
2025-01-22,Books,62.0
2025-01-22,Books,39.41
2025-01-22,Toys,20.5
2025-01-22,Books,24.72
2025-01-22,Fashion,42.76
2025-01-22,Toys,62.49
2025-01-22,Electronics,296.81
2025-01-22,Toys,44.67
2025-01-22,Home & Kitchen,66.49
2025-01-22,Toys,36.05
2025-01-22,Home & Kitchen,98.12
2025-01-22,Electronics,335.69
2025-01-23,Toys,65.31
2025-01-23,Toys,28.35
2025-01-23,Electronics,339.31
2025-01-23,Home & Kitchen,48.8
2025-01-23,Toys,20.09
2025-01-24,Toys,37.24
2025-01-24,Books,19.2
2025-01-24,Electronics,325.51
2025-01-24,Books,27.58
2025-01-24,Fashion,76.63
2025-01-24,Fashion,44.92
2025-01-24,Fashion,36.67
2025-01-25,Toys,15.68
2025-01-25,Books,39.29
2025-01-25,Books,12.13
2025-01-25,Toys,64.37
2025-01-25,Electronics,330.86
2025-01-25,Books,62.73
2025-01-25,Books,22.14
2025-01-26,Electronics,303.42
2025-01-26,Home & Kitchen,40.73
2025-01-26,Toys,17.59
2025-01-26,Toys,17.6
2025-01-26,Toys,74.58
2025-01-26,Toys,30.18
2025-01-26,Fashion,88.16
2025-01-26,Home & Kitchen,49.97
2025-01-26,Electronics,331.74
2025-01-26,Electronics,327.65
2025-01-26,Fashion,84.07
2025-01-26,Electronics,344.92
2025-01-27,Books,11.41
2025-01-27,Toys,31.64
2025-01-27,Books,43.81
2025-01-27,Home & Kitchen,53.76
2025-01-27,Books,9.66
2025-01-27,Electronics,305.6
2025-01-27,Fashion,71.89
2025-01-27,Electronics,306.79
2025-01-27,Toys,63.83
2025-01-27,Books,21.26
2025-01-27,Toys,69.66
2025-01-27,Toys,71.43
2025-01-27,Fashion,73.54
2025-01-27,Electronics,315.09
2025-01-28,Home & Kitchen,73.1
2025-01-28,Toys,16.58
2025-01-28,Electronics,336.66
2025-01-28,Home & Kitchen,99.24
2025-01-28,Electronics,312.6
2025-01-28,Home & Kitchen,62.85
2025-01-28,Fashion,80.53
2025-01-28,Toys,18.81
2025-01-28,Electronics,314.89
2025-01-28,Electronics,290.82
2025-01-28,Books,53.77
2025-01-28,Toys,74.8
2025-01-29,Toys,58.57
2025-01-29,Home & Kitchen,90.98
2025-01-29,Electronics,304.47
2025-01-29,Electronics,297.75
2025-01-29,Fashion,46.48
2025-01-29,Books,18.72
2025-01-29,Electronics,335.42
2025-01-29,Home & Kitchen,61.49
2025-01-29,Home & Kitchen,69.89
2025-01-30,Fashion,61.21
2025-01-30,Books,53.98
2025-01-30,Books,38.66
2025-01-30,Fashion,54.21
2025-01-30,Toys,52.22
2025-01-30,Home & Kitchen,88.3
2025-01-30,Books,63.83
2025-01-30,Home & Kitchen,75.4
2025-01-30,Fashion,35.46
2025-01-30,Home & Kitchen,60.9
2025-01-31,Electronics,337.02
2025-01-31,Books,22.88
2025-01-31,Home & Kitchen,91.74
2025-01-31,Toys,62.79
2025-01-31,Home & Kitchen,95.6
2025-01-31,Home & Kitchen,86.14
2025-01-31,Books,32.55
2025-01-31,Home & Kitchen,77.25
2025-01-31,Home & Kitchen,59.73
2025-01-31,Fashion,64.78
2025-02-01,Electronics,317.61
2025-02-01,Fashion,38.33
2025-02-01,Books,15.91
2025-02-01,Electronics,343.81
2025-02-01,Fashion,60.91
2025-02-01,Home & Kitchen,76.12
2025-02-01,Fashion,32.45
2025-02-02,Home & Kitchen,56.72
2025-02-02,Toys,16.91
2025-02-02,Electronics,322.07
2025-02-02,Books,17.38
2025-02-02,Home & Kitchen,47.72
2025-02-02,Home & Kitchen,81.42
2025-02-02,Electronics,295.54
2025-02-02,Electronics,331.27
2025-02-02,Fashion,85.25
2025-02-03,Home & Kitchen,92.1
2025-02-03,Electronics,325.84
2025-02-03,Books,17.56
2025-02-03,Home & Kitchen,85.6
2025-02-03,Home & Kitchen,84.85
2025-02-04,Fashion,72.8
2025-02-04,Fashion,61.93
2025-02-04,Toys,67.03
2025-02-04,Fashion,53.83
2025-02-04,Electronics,334.24
2025-02-04,Books,6.2
2025-02-04,Electronics,340.44
2025-02-04,Home & Kitchen,72.12
2025-02-04,Electronics,343.43
2025-02-04,Books,33.44
2025-02-04,Home & Kitchen,87.35
2025-02-04,Toys,43.77
2025-02-05,Home & Kitchen,73.46
2025-02-05,Electronics,323.87
2025-02-05,Home & Kitchen,57.03
2025-02-05,Books,43.76
2025-02-05,Home & Kitchen,54.66
2025-02-05,Fashion,89.19
2025-02-05,Toys,71.02
2025-02-05,Toys,21.11
2025-02-06,Books,56.05
2025-02-06,Electronics,294.81
2025-02-06,Fashion,31.09
2025-02-06,Toys,73.94
2025-02-06,Home & Kitchen,74.56
2025-02-06,Fashion,81.93
2025-02-06,Electronics,319.44
2025-02-06,Fashion,79.25
2025-02-06,Home & Kitchen,73.41
2025-02-06,Home & Kitchen,56.8
2025-02-07,Home & Kitchen,59.42
2025-02-07,Fashion,41.97
2025-02-07,Books,19.54
2025-02-07,Electronics,326.64
2025-02-07,Toys,45.37
2025-02-07,Books,24.24
2025-02-07,Fashion,33.11
2025-02-07,Home & Kitchen,67.26
2025-02-07,Toys,18.8
2025-02-08,Toys,56.07
2025-02-08,Books,20.28
2025-02-08,Toys,15.16
2025-02-08,Electronics,325.74
2025-02-08,Fashion,50.93
2025-02-08,Electronics,341.04
2025-02-09,Toys,58.85
2025-02-09,Electronics,302.3
2025-02-09,Fashion,33.99
2025-02-09,Books,55.51
2025-02-09,Fashion,77.72
2025-02-09,Books,14.82
2025-02-10,Toys,63.87
2025-02-10,Fashion,68.03
2025-02-10,Books,23.97
2025-02-10,Home & Kitchen,63.55
2025-02-10,Fashion,67.45
2025-02-10,Electronics,334.86
2025-02-10,Electronics,303.93
2025-02-10,Electronics,313.49
2025-02-10,Home & Kitchen,72.61
2025-02-11,Fashion,62.57
2025-02-11,Fashion,67.66
2025-02-11,Home & Kitchen,48.36
2025-02-11,Toys,44.73
2025-02-11,Fashion,77.32
2025-02-11,Electronics,308.7
2025-02-11,Toys,61.71
2025-02-11,Electronics,292.01
2025-02-11,Home & Kitchen,85.75
2025-02-11,Fashion,75.28
2025-02-11,Toys,21.64
2025-02-11,Books,32.42
2025-02-12,Toys,47.39
2025-02-12,Toys,28.76
2025-02-12,Books,51.31
2025-02-12,Fashion,68.47
2025-02-12,Fashion,63.93
2025-02-12,Home & Kitchen,55.11
2025-02-12,Toys,64.61
2025-02-12,Home & Kitchen,60.55
2025-02-13,Home & Kitchen,96.84
2025-02-13,Books,59.71
2025-02-13,Home & Kitchen,76.69
2025-02-13,Books,40.58
2025-02-13,Books,38.91
2025-02-13,Books,52.41
2025-02-13,Toys,57.43
2025-02-13,Home & Kitchen,86.27
2025-02-13,Home & Kitchen,44.14
2025-02-13,Fashion,74.19
2025-02-14,Electronics,345.53
2025-02-14,Electronics,296.79
2025-02-14,Toys,24.93
2025-02-14,Books,12.48
2025-02-14,Electronics,309.93
2025-02-14,Fashion,65.48
2025-02-14,Toys,37.76
2025-02-14,Toys,35.11
2025-02-14,Books,52.27
2025-02-14,Home & Kitchen,60.01
2025-02-14,Books,37.24
2025-02-14,Fashion,85.38
2025-02-15,Home & Kitchen,68.85
2025-02-15,Fashion,57.13
2025-02-15,Fashion,31.97
2025-02-15,Fashion,38.45
2025-02-15,Electronics,319.9
2025-02-15,Toys,69.89
2025-02-15,Electronics,336.83
2025-02-15,Fashion,67.94
2025-02-15,Books,17.76
2025-02-15,Electronics,300.68
2025-02-15,Books,32.54
2025-02-16,Books,37.1
2025-02-16,Electronics,307.98
2025-02-16,Toys,38.84
2025-02-16,Fashion,42.59
2025-02-16,Fashion,50.96
2025-02-16,Toys,52.5
2025-02-16,Toys,43.32
2025-02-16,Fashion,33.94
2025-02-17,Home & Kitchen,71.46
2025-02-17,Books,33.87
2025-02-17,Fashion,39.31
2025-02-17,Electronics,310.06
2025-02-17,Fashion,52.4
2025-02-17,Home & Kitchen,93.85
2025-02-17,Home & Kitchen,64.52
2025-02-18,Books,55.39
2025-02-18,Toys,39.48
2025-02-18,Electronics,303.32
2025-02-18,Fashion,60.33
2025-02-18,Electronics,337.99
2025-02-18,Fashion,83.25
2025-02-18,Books,19.29
2025-02-18,Home & Kitchen,88.32
2025-02-18,Fashion,87.76
2025-02-18,Books,45.09
2025-02-18,Toys,39.38
2025-02-19,Home & Kitchen,40.78
2025-02-19,Electronics,302.47
2025-02-19,Fashion,37.37
2025-02-19,Fashion,64.98
2025-02-19,Books,47.24
2025-02-19,Electronics,339.05
2025-02-19,Books,25.15
2025-02-19,Home & Kitchen,61.78
2025-02-19,Books,54.84
2025-02-19,Toys,39.56
2025-02-19,Electronics,316.17
2025-02-20,Books,63.47
2025-02-20,Books,13.41
2025-02-20,Home & Kitchen,73.95
2025-02-20,Fashion,83.67
2025-02-20,Electronics,319.09
2025-02-20,Electronics,306.12
2025-02-20,Home & Kitchen,78.01
2025-02-21,Electronics,298.36
2025-02-21,Fashion,55.3
2025-02-21,Home & Kitchen,71.54
2025-02-21,Toys,56.47
2025-02-21,Toys,16.1
2025-02-21,Home & Kitchen,71.78
2025-02-21,Home & Kitchen,74.59
2025-02-21,Home & Kitchen,73.25
2025-02-21,Electronics,319.85
2025-02-21,Books,17.39
2025-02-21,Home & Kitchen,48.4
2025-02-22,Fashion,65.84
2025-02-22,Books,42.99
2025-02-22,Toys,25.52
2025-02-22,Toys,65.29
2025-02-22,Toys,37.99
2025-02-22,Home & Kitchen,65.32
2025-02-22,Home & Kitchen,49.98
2025-02-22,Fashion,41.06
2025-02-22,Toys,51.19
2025-02-22,Home & Kitchen,44.09
2025-02-22,Fashion,47.32
2025-02-22,Books,48.14
2025-02-22,Fashion,86.96
2025-02-23,Toys,44.03
2025-02-23,Home & Kitchen,41.87
2025-02-23,Books,14.72
2025-02-23,Books,8.09
2025-02-23,Fashion,65.81
2025-02-23,Home & Kitchen,77.4
2025-02-23,Home & Kitchen,46.4
2025-02-23,Electronics,311.09
2025-02-23,Electronics,319.73
2025-02-23,Fashion,65.9
2025-02-23,Electronics,304.78
2025-02-24,Home & Kitchen,87.96
2025-02-24,Books,63.06
2025-02-24,Home & Kitchen,46.19
2025-02-24,Toys,20.49
2025-02-24,Fashion,87.73
2025-02-24,Electronics,347.01
2025-02-24,Electronics,301.11
2025-02-25,Fashion,73.93
2025-02-25,Toys,60.54
2025-02-25,Toys,56.54
2025-02-25,Electronics,344.2
2025-02-25,Books,18.27
2025-02-25,Home & Kitchen,43.1
2025-02-25,Home & Kitchen,42.37
2025-02-25,Home & Kitchen,75.3
2025-02-25,Electronics,300.83
2025-02-25,Toys,43.39
2025-02-25,Toys,58.86
2025-02-25,Fashion,85.46
2025-02-26,Fashion,86.66
2025-02-26,Home & Kitchen,84.7
2025-02-26,Books,55.67
2025-02-26,Home & Kitchen,71.35
2025-02-26,Electronics,329.01
2025-02-26,Fashion,63.64
2025-02-27,Fashion,71.78
2025-02-27,Home & Kitchen,83.49
2025-02-27,Books,39.35
2025-02-27,Electronics,322.3
2025-02-27,Electronics,334.27
2025-02-27,Electronics,343.16
2025-02-28,Books,18.98
2025-02-28,Fashion,82.21
2025-02-28,Fashion,82.48
2025-02-28,Toys,38.04
2025-02-28,Fashion,34.2
2025-02-28,Books,8.16
2025-02-28,Electronics,314.12
2025-02-28,Toys,43.79
2025-02-28,Books,64.05
2025-02-28,Home & Kitchen,45.5
2025-02-28,Books,49.25
2025-02-28,Electronics,296.63
2025-02-28,Home & Kitchen,57.78
2025-02-28,Toys,17.53
2025-03-01,Toys,74.26
2025-03-01,Electronics,296.57
2025-03-01,Electronics,330.78
2025-03-01,Books,62.38
2025-03-01,Toys,62.18
2025-03-02,Fashion,84.22
2025-03-02,Home & Kitchen,50.02
2025-03-02,Books,8.9
2025-03-02,Books,55.27
2025-03-02,Toys,64.84
2025-03-02,Home & Kitchen,42.82
2025-03-02,Electronics,303.23
2025-03-02,Electronics,347.44
2025-03-02,Toys,18.47
2025-03-02,Electronics,321.1
2025-03-03,Home & Kitchen,71.5
2025-03-03,Fashion,53.77
2025-03-03,Home & Kitchen,69.47
2025-03-03,Electronics,299.23
2025-03-03,Fashion,43.47
2025-03-03,Toys,47.22
2025-03-03,Electronics,343.7
2025-03-03,Toys,20.49
2025-03-04,Fashion,46.38
2025-03-04,Toys,68.32
2025-03-04,Electronics,341.13
2025-03-04,Home & Kitchen,88.57
2025-03-04,Electronics,323.05
2025-03-04,Fashion,46.88
2025-03-04,Books,27.36
2025-03-04,Fashion,73.41
2025-03-04,Home & Kitchen,71.96
2025-03-04,Toys,28.21
2025-03-04,Toys,68.67
2025-03-04,Toys,66.07
2025-03-04,Toys,43.84
2025-03-05,Home & Kitchen,74.28
2025-03-05,Home & Kitchen,72.63
2025-03-05,Toys,31.02
2025-03-05,Fashion,82.09
2025-03-05,Books,56.03
2025-03-05,Fashion,39.62
2025-03-05,Toys,65.22
2025-03-06,Toys,55.81
2025-03-06,Fashion,75.16
2025-03-06,Toys,67.85
2025-03-06,Home & Kitchen,67.93
2025-03-06,Home & Kitchen,47.73
2025-03-06,Fashion,43.72
2025-03-06,Home & Kitchen,89.08
2025-03-06,Toys,45.45
2025-03-06,Home & Kitchen,57.22
2025-03-06,Fashion,88.87
2025-03-06,Electronics,296.95
2025-03-06,Home & Kitchen,78.04
2025-03-06,Toys,61.79
2025-03-07,Fashion,75.66
2025-03-07,Home & Kitchen,65.93
2025-03-07,Home & Kitchen,60.51
2025-03-07,Books,15.77
2025-03-07,Toys,21.15
2025-03-07,Books,15.43
2025-03-07,Books,9.07
2025-03-07,Fashion,39.98
2025-03-07,Books,9.04
2025-03-07,Home & Kitchen,68.41
2025-03-08,Home & Kitchen,44.48
2025-03-08,Home & Kitchen,92.29
2025-03-08,Toys,41.76
2025-03-08,Fashion,37.81
2025-03-08,Toys,38.02
2025-03-08,Toys,16.33
2025-03-08,Fashion,45.15
2025-03-08,Home & Kitchen,49.54
2025-03-08,Home & Kitchen,99.83
2025-03-08,Electronics,296.13
2025-03-09,Toys,56.62
2025-03-09,Books,55.4
2025-03-09,Books,44.27
2025-03-09,Fashion,82.08
2025-03-09,Books,6.88
2025-03-09,Toys,71.62
2025-03-09,Toys,53.31
2025-03-09,Fashion,46.45
2025-03-09,Fashion,48.72
2025-03-09,Home & Kitchen,93.65
2025-03-09,Home & Kitchen,52.79
2025-03-09,Electronics,329.1
2025-03-09,Books,38.77
2025-03-10,Books,16.13
2025-03-10,Electronics,295.47
2025-03-10,Fashion,80.69
2025-03-10,Books,6.07
2025-03-10,Toys,22.87
2025-03-10,Toys,69.71
2025-03-10,Home & Kitchen,77.0
2025-03-10,Electronics,290.07
2025-03-10,Electronics,326.44
2025-03-10,Books,30.82
2025-03-10,Electronics,299.65
2025-03-10,Toys,31.14
2025-03-11,Fashion,89.06
2025-03-11,Electronics,290.7
2025-03-11,Home & Kitchen,80.83
2025-03-11,Home & Kitchen,68.8
2025-03-11,Fashion,71.7
2025-03-11,Electronics,347.16
2025-03-11,Electronics,292.38
2025-03-11,Fashion,36.3
2025-03-11,Electronics,296.17
2025-03-11,Books,47.15
2025-03-11,Home & Kitchen,86.55
2025-03-11,Home & Kitchen,59.59
2025-03-12,Electronics,295.27
2025-03-12,Toys,19.95
2025-03-12,Toys,19.71
2025-03-12,Home & Kitchen,98.65
2025-03-12,Home & Kitchen,81.37
2025-03-12,Home & Kitchen,89.29
2025-03-13,Books,11.27
2025-03-13,Fashion,37.45
2025-03-13,Fashion,31.9
2025-03-13,Electronics,293.12
2025-03-13,Electronics,332.54
2025-03-13,Home & Kitchen,77.52
2025-03-13,Books,25.37
2025-03-13,Fashion,59.06
2025-03-13,Fashion,83.69
2025-03-13,Books,40.85
2025-03-13,Home & Kitchen,68.85
2025-03-13,Electronics,299.84
2025-03-13,Fashion,73.49
2025-03-13,Books,19.83
2025-03-14,Toys,51.94
2025-03-14,Fashion,88.55
2025-03-14,Books,49.66
2025-03-14,Toys,62.38
2025-03-14,Fashion,39.7
2025-03-14,Home & Kitchen,79.2
2025-03-14,Toys,74.78
2025-03-14,Electronics,319.6
2025-03-14,Books,16.97
2025-03-14,Fashion,43.23
2025-03-14,Electronics,340.43
2025-03-14,Electronics,342.1
2025-03-14,Home & Kitchen,84.56
2025-03-15,Toys,35.76
2025-03-15,Books,51.06
2025-03-15,Books,7.41
2025-03-15,Electronics,320.84
2025-03-15,Electronics,316.32
2025-03-15,Toys,38.73
2025-03-15,Books,57.41
2025-03-15,Home & Kitchen,87.58
2025-03-16,Home & Kitchen,99.53
2025-03-16,Home & Kitchen,94.74
2025-03-16,Books,28.03
2025-03-16,Home & Kitchen,77.89
2025-03-16,Electronics,297.89
2025-03-16,Books,59.54
2025-03-16,Home & Kitchen,54.25
2025-03-16,Home & Kitchen,50.86
2025-03-16,Toys,19.15
2025-03-16,Electronics,304.83
2025-03-16,Books,29.3
2025-03-17,Electronics,329.76
2025-03-17,Electronics,313.46
2025-03-17,Electronics,313.94
2025-03-17,Fashion,69.4
2025-03-17,Electronics,336.41
2025-03-17,Books,63.19
2025-03-17,Fashion,83.02
2025-03-17,Home & Kitchen,66.93
2025-03-17,Books,54.73
2025-03-17,Electronics,316.97
2025-03-17,Fashion,86.92
2025-03-17,Electronics,300.02
2025-03-18,Books,7.2
2025-03-18,Toys,36.4
2025-03-18,Books,33.48
2025-03-18,Electronics,332.32
2025-03-18,Books,56.85
2025-03-18,Books,37.39
2025-03-18,Books,21.18
2025-03-18,Home & Kitchen,47.38
2025-03-19,Books,8.1
2025-03-19,Electronics,297.33
2025-03-19,Toys,71.03
2025-03-19,Toys,21.2
2025-03-19,Fashion,32.49
2025-03-19,Home & Kitchen,63.84
2025-03-19,Home & Kitchen,97.91
2025-03-19,Fashion,31.04
2025-03-19,Electronics,328.35
2025-03-20,Fashion,59.33
2025-03-20,Books,36.93
2025-03-20,Toys,23.61
2025-03-20,Home & Kitchen,52.11
2025-03-20,Home & Kitchen,51.3
2025-03-20,Toys,41.63
2025-03-20,Toys,72.8
2025-03-20,Home & Kitchen,79.7
2025-03-20,Home & Kitchen,62.46
2025-03-20,Home & Kitchen,54.65
2025-03-20,Home & Kitchen,92.13
2025-03-20,Electronics,291.82
2025-03-20,Electronics,331.37
2025-03-21,Electronics,302.94
2025-03-21,Toys,55.02
2025-03-21,Electronics,296.4
2025-03-21,Books,14.56
2025-03-21,Electronics,341.99
2025-03-22,Toys,61.94
2025-03-22,Toys,32.32
2025-03-22,Fashion,82.71
2025-03-22,Toys,60.91
2025-03-22,Books,45.06
2025-03-22,Home & Kitchen,85.74
2025-03-22,Electronics,309.03
2025-03-22,Toys,64.07
2025-03-22,Electronics,309.7
2025-03-22,Electronics,311.99
2025-03-22,Toys,37.83
2025-03-22,Toys,41.92
2025-03-22,Electronics,322.74
2025-03-23,Books,5.88
2025-03-23,Fashion,66.21
2025-03-23,Home & Kitchen,85.56
2025-03-23,Electronics,312.79
2025-03-23,Home & Kitchen,97.09
2025-03-23,Home & Kitchen,68.75
2025-03-23,Toys,63.83
2025-03-24,Books,13.94
2025-03-24,Toys,29.76
2025-03-24,Books,41.47
2025-03-24,Home & Kitchen,82.93
2025-03-24,Fashion,31.09
2025-03-24,Fashion,30.45
2025-03-24,Toys,68.88
2025-03-24,Electronics,329.28
2025-03-24,Fashion,33.62
2025-03-24,Toys,43.75
2025-03-24,Fashion,36.09
2025-03-24,Toys,52.04
2025-03-24,Toys,32.09
2025-03-25,Home & Kitchen,76.62
2025-03-25,Home & Kitchen,63.99
2025-03-25,Toys,39.81
2025-03-25,Electronics,321.35
2025-03-25,Books,15.89
2025-03-25,Toys,26.08
2025-03-25,Electronics,324.04
2025-03-26,Books,30.47
2025-03-26,Electronics,312.41
2025-03-26,Toys,52.99
2025-03-26,Fashion,30.16
2025-03-26,Toys,68.05
2025-03-26,Electronics,337.62
2025-03-26,Home & Kitchen,50.49
2025-03-26,Electronics,340.39
2025-03-26,Electronics,304.21
2025-03-26,Toys,33.12
2025-03-26,Fashion,81.07
2025-03-26,Home & Kitchen,88.57
2025-03-26,Fashion,67.43
2025-03-26,Electronics,315.44
2025-03-27,Electronics,334.21
2025-03-27,Home & Kitchen,68.37
2025-03-27,Toys,20.74
2025-03-27,Toys,53.52
2025-03-27,Books,17.37
2025-03-27,Fashion,43.92
2025-03-27,Toys,50.67
2025-03-27,Electronics,349.27
2025-03-27,Fashion,65.82
2025-03-28,Fashion,56.56
2025-03-28,Toys,58.06
2025-03-28,Electronics,290.95
2025-03-28,Books,54.12
2025-03-28,Books,48.46
2025-03-28,Home & Kitchen,94.33
2025-03-29,Toys,68.65
2025-03-29,Fashion,54.07
2025-03-29,Electronics,303.6
2025-03-29,Electronics,327.03
2025-03-29,Toys,46.14
2025-03-29,Home & Kitchen,80.18
2025-03-29,Books,19.02
2025-03-29,Toys,31.27
2025-03-30,Home & Kitchen,80.81
2025-03-30,Books,24.46
2025-03-30,Fashion,41.42
2025-03-30,Home & Kitchen,99.65
2025-03-30,Home & Kitchen,61.78
2025-03-30,Fashion,73.84
2025-03-30,Books,8.61
2025-03-30,Books,10.33
2025-03-30,Toys,25.52
2025-03-30,Electronics,300.23
2025-03-30,Home & Kitchen,45.8
2025-03-30,Electronics,339.31
2025-03-31,Books,63.87
2025-03-31,Fashion,85.63
2025-03-31,Toys,22.19
2025-03-31,Fashion,39.14
2025-03-31,Toys,59.23
2025-04-01,Books,19.62
2025-04-01,Toys,20.58
2025-04-01,Home & Kitchen,87.27
2025-04-01,Electronics,326.51
2025-04-01,Books,51.92
2025-04-01,Home & Kitchen,43.79
2025-04-01,Books,23.19
2025-04-01,Home & Kitchen,60.5
2025-04-01,Electronics,295.26
2025-04-01,Fashion,44.34
2025-04-01,Electronics,308.33
2025-04-01,Books,21.78
2025-04-02,Books,57.4
2025-04-02,Fashion,77.18
2025-04-02,Books,56.09
2025-04-02,Home & Kitchen,70.07
2025-04-02,Electronics,296.98
2025-04-02,Home & Kitchen,77.68
2025-04-02,Home & Kitchen,92.08
2025-04-02,Fashion,77.4
2025-04-02,Books,54.12
2025-04-02,Toys,16.37
2025-04-02,Fashion,71.7
2025-04-02,Home & Kitchen,97.44
2025-04-02,Home & Kitchen,78.46
2025-04-02,Electronics,324.51
2025-04-03,Electronics,345.37
2025-04-03,Electronics,326.38
2025-04-03,Toys,34.05
2025-04-03,Fashion,53.92
2025-04-03,Electronics,329.98
2025-04-03,Home & Kitchen,44.09
2025-04-03,Home & Kitchen,70.37
2025-04-03,Books,9.8
2025-04-03,Books,62.95
2025-04-03,Books,23.71
2025-04-04,Home & Kitchen,56.67
2025-04-04,Toys,16.06
2025-04-04,Home & Kitchen,79.01
2025-04-04,Fashion,53.19
2025-04-04,Toys,61.85
2025-04-04,Home & Kitchen,52.71
2025-04-04,Fashion,75.26
2025-04-04,Electronics,315.82
2025-04-05,Fashion,34.48
2025-04-05,Books,23.2
2025-04-05,Fashion,40.67
2025-04-05,Books,42.08
2025-04-05,Books,64.8
2025-04-05,Electronics,303.96
2025-04-05,Books,23.38
2025-04-05,Books,44.34
2025-04-05,Home & Kitchen,47.84
2025-04-05,Books,29.29
2025-04-05,Toys,36.25
2025-04-05,Fashion,54.85
2025-04-05,Toys,38.22
2025-04-06,Home & Kitchen,48.03
2025-04-06,Toys,16.15
2025-04-06,Toys,60.62
2025-04-06,Home & Kitchen,51.38
2025-04-06,Toys,27.91
2025-04-06,Toys,65.06
2025-04-06,Toys,73.55
2025-04-06,Home & Kitchen,43.88
2025-04-06,Books,27.28
2025-04-07,Books,43.77
2025-04-07,Toys,65.66
2025-04-07,Toys,44.29
2025-04-07,Books,56.88
2025-04-07,Books,44.1
2025-04-08,Electronics,326.84
2025-04-08,Toys,42.57
2025-04-08,Toys,72.37
2025-04-08,Electronics,347.32
2025-04-08,Electronics,329.52
2025-04-08,Electronics,331.29
2025-04-08,Books,9.59
2025-04-09,Home & Kitchen,95.82
2025-04-09,Books,51.87
2025-04-09,Books,43.23
2025-04-09,Home & Kitchen,63.18
2025-04-09,Electronics,326.84
2025-04-10,Toys,24.01
2025-04-10,Books,35.73
2025-04-10,Toys,17.87
2025-04-10,Electronics,334.77
2025-04-10,Electronics,294.33
2025-04-10,Fashion,30.73
2025-04-10,Toys,45.51
2025-04-10,Home & Kitchen,67.72
2025-04-10,Books,25.98
2025-04-10,Fashion,69.68
2025-04-10,Books,26.29
2025-04-11,Toys,47.98
2025-04-11,Home & Kitchen,41.26
2025-04-11,Books,58.93
2025-04-11,Electronics,348.56
2025-04-11,Home & Kitchen,40.63
2025-04-11,Books,41.9
2025-04-11,Electronics,328.63
2025-04-11,Home & Kitchen,68.7
2025-04-11,Home & Kitchen,59.33
2025-04-11,Books,22.57
2025-04-11,Home & Kitchen,76.11
2025-04-11,Toys,70.22
2025-04-11,Books,14.4
2025-04-11,Home & Kitchen,60.3
2025-04-12,Home & Kitchen,53.48
2025-04-12,Electronics,312.56
2025-04-12,Books,28.32
2025-04-12,Home & Kitchen,96.58
2025-04-12,Books,12.29
2025-04-12,Fashion,83.22
2025-04-12,Toys,32.15
2025-04-12,Electronics,305.51
2025-04-12,Home & Kitchen,78.16
2025-04-12,Toys,73.7
2025-04-12,Books,8.23
2025-04-12,Fashion,46.16
2025-04-13,Home & Kitchen,47.9
2025-04-13,Books,54.07
2025-04-13,Fashion,39.04
2025-04-13,Books,48.97
2025-04-13,Fashion,75.49
2025-04-13,Electronics,320.5
2025-04-14,Fashion,39.09
2025-04-14,Books,43.18
2025-04-14,Toys,24.6
2025-04-14,Home & Kitchen,73.48
2025-04-14,Electronics,334.5
2025-04-14,Fashion,89.51
2025-04-14,Fashion,54.09
2025-04-14,Home & Kitchen,79.45
2025-04-14,Electronics,323.31
2025-04-14,Fashion,41.28
2025-04-15,Toys,47.32
2025-04-15,Books,5.31
2025-04-15,Home & Kitchen,90.4
2025-04-15,Books,49.74
2025-04-15,Electronics,347.48
2025-04-15,Electronics,330.7
2025-04-15,Fashion,80.52
2025-04-15,Fashion,89.78
2025-04-15,Books,28.12
2025-04-15,Books,48.32
2025-04-15,Fashion,38.27
2025-04-15,Toys,15.11
2025-04-15,Toys,16.74
2025-04-16,Books,52.65
2025-04-16,Books,29.14
2025-04-16,Books,35.61
2025-04-16,Fashion,33.89
2025-04-16,Home & Kitchen,73.69
2025-04-16,Books,8.17
2025-04-16,Home & Kitchen,75.96
2025-04-16,Fashion,46.19
2025-04-17,Electronics,328.19
2025-04-17,Fashion,33.51
2025-04-17,Toys,59.76
2025-04-17,Home & Kitchen,82.46
2025-04-17,Books,36.04
2025-04-17,Toys,23.85
2025-04-17,Electronics,316.04
2025-04-18,Books,8.75
2025-04-18,Books,49.14
2025-04-18,Fashion,74.02
2025-04-18,Toys,25.41
2025-04-18,Books,34.77
2025-04-18,Fashion,71.15
2025-04-19,Electronics,347.02
2025-04-19,Toys,26.07
2025-04-19,Toys,73.78
2025-04-19,Fashion,31.57
2025-04-19,Electronics,325.15
2025-04-19,Toys,56.86
2025-04-19,Fashion,47.92
2025-04-19,Toys,18.37
2025-04-19,Fashion,55.78
2025-04-19,Fashion,52.61
2025-04-19,Toys,43.85
2025-04-20,Home & Kitchen,96.24
2025-04-20,Books,13.01
2025-04-20,Books,7.99
2025-04-20,Home & Kitchen,94.56
2025-04-20,Electronics,290.42
2025-04-20,Electronics,299.53
2025-04-20,Books,12.88
2025-04-20,Electronics,335.08
2025-04-20,Electronics,347.4
2025-04-21,Books,7.68
2025-04-21,Books,21.54
2025-04-21,Books,52.23
2025-04-21,Home & Kitchen,56.32
2025-04-21,Home & Kitchen,90.69
2025-04-21,Books,14.38
2025-04-21,Books,7.02
2025-04-21,Books,42.18
2025-04-21,Fashion,38.35
2025-04-21,Books,23.91
2025-04-21,Fashion,50.84
2025-04-21,Home & Kitchen,83.95
2025-04-22,Toys,18.14
2025-04-22,Books,52.26
2025-04-22,Electronics,319.67
2025-04-22,Toys,30.39
2025-04-22,Fashion,73.51
2025-04-22,Toys,48.92
2025-04-22,Fashion,48.52
2025-04-22,Toys,51.51
2025-04-23,Toys,21.85
2025-04-23,Home & Kitchen,83.2
2025-04-23,Home & Kitchen,45.33
2025-04-23,Electronics,321.4
2025-04-23,Toys,28.64
2025-04-23,Books,48.37
2025-04-23,Electronics,337.5
2025-04-23,Electronics,322.61
2025-04-23,Home & Kitchen,69.08
2025-04-23,Toys,23.46
2025-04-23,Electronics,330.14
2025-04-23,Home & Kitchen,91.72
2025-04-23,Fashion,69.06
2025-04-24,Books,8.74
2025-04-24,Books,26.36
2025-04-24,Fashion,33.12
2025-04-24,Electronics,302.08
2025-04-24,Toys,24.88
2025-04-24,Books,50.41
2025-04-24,Toys,54.58
2025-04-24,Books,57.23
2025-04-24,Fashion,86.8
2025-04-24,Home & Kitchen,85.04
2025-04-25,Home & Kitchen,43.91
2025-04-25,Fashion,84.55
2025-04-25,Electronics,313.44
2025-04-25,Fashion,36.33
2025-04-25,Books,32.1
2025-04-26,Fashion,76.54
2025-04-26,Fashion,41.74
2025-04-26,Books,36.4
2025-04-26,Books,52.57
2025-04-26,Books,21.59
2025-04-26,Electronics,313.76
2025-04-27,Home & Kitchen,49.48
2025-04-27,Books,38.47
2025-04-27,Home & Kitchen,59.01
2025-04-27,Fashion,51.79
2025-04-27,Fashion,46.61
2025-04-27,Electronics,325.89
2025-04-27,Toys,58.96
2025-04-27,Fashion,48.79
2025-04-27,Fashion,82.94
2025-04-27,Books,49.38
2025-04-27,Electronics,315.07
2025-04-27,Toys,55.08
2025-04-28,Books,64.82
2025-04-28,Home & Kitchen,65.65
2025-04-28,Fashion,71.21
2025-04-28,Fashion,61.64
2025-04-28,Electronics,339.38
2025-04-28,Home & Kitchen,44.76
2025-04-29,Fashion,41.24
2025-04-29,Toys,32.79
2025-04-29,Home & Kitchen,46.64
2025-04-29,Books,23.86
2025-04-29,Fashion,84.08
2025-04-29,Books,32.56
2025-04-29,Toys,30.26
2025-04-29,Fashion,82.79
2025-04-29,Home & Kitchen,54.66
2025-04-30,Home & Kitchen,46.04
2025-04-30,Toys,40.21
2025-04-30,Home & Kitchen,60.88
2025-04-30,Home & Kitchen,84.93
2025-04-30,Electronics,316.13
2025-04-30,Electronics,340.49
2025-04-30,Fashion,80.62
2025-04-30,Fashion,68.05
2025-04-30,Books,49.36
2025-04-30,Home & Kitchen,59.51
2025-04-30,Books,45.9
2025-04-30,Electronics,329.32
2025-05-01,Fashion,71.65
2025-05-01,Electronics,302.93
2025-05-01,Toys,16.99
2025-05-01,Toys,39.5
2025-05-01,Books,61.3
2025-05-02,Electronics,337.31
2025-05-02,Toys,68.93
2025-05-02,Fashion,84.43
2025-05-02,Fashion,30.01
2025-05-02,Fashion,36.66
2025-05-03,Books,27.9
2025-05-03,Fashion,54.77
2025-05-03,Fashion,55.35
2025-05-03,Electronics,315.29
2025-05-03,Home & Kitchen,97.97
2025-05-03,Electronics,307.53
2025-05-03,Fashion,79.56
2025-05-03,Fashion,78.29
2025-05-03,Books,63.91
2025-05-03,Electronics,308.29
2025-05-03,Electronics,306.89
2025-05-03,Books,11.75
2025-05-04,Toys,47.44
2025-05-04,Electronics,304.51
2025-05-04,Electronics,318.13
2025-05-04,Electronics,339.47
2025-05-04,Toys,32.83
2025-05-04,Fashion,73.81
2025-05-04,Electronics,292.89
2025-05-04,Books,57.63
2025-05-04,Home & Kitchen,80.07
2025-05-04,Electronics,349.34
2025-05-05,Toys,65.29
2025-05-05,Books,39.97
2025-05-05,Home & Kitchen,74.4
2025-05-05,Toys,18.82
2025-05-05,Books,18.21
2025-05-05,Books,11.9
2025-05-05,Toys,46.51
2025-05-05,Electronics,330.15
2025-05-05,Electronics,293.88
2025-05-05,Electronics,291.51
2025-05-05,Books,59.64
2025-05-06,Fashion,83.55
2025-05-06,Toys,25.23
2025-05-06,Toys,52.88
2025-05-06,Books,52.33
2025-05-06,Fashion,44.25
2025-05-06,Books,11.25
2025-05-06,Books,34.26
2025-05-06,Books,62.03
2025-05-06,Home & Kitchen,68.37
2025-05-06,Electronics,320.38
2025-05-06,Electronics,290.18
2025-05-06,Toys,43.35
2025-05-06,Home & Kitchen,94.44
2025-05-07,Books,33.18
2025-05-07,Electronics,309.88
2025-05-07,Electronics,327.35
2025-05-07,Fashion,56.85
2025-05-07,Books,17.42
2025-05-07,Toys,47.22
2025-05-07,Electronics,290.46
2025-05-08,Fashion,80.64
2025-05-08,Electronics,310.33
2025-05-08,Toys,41.31
2025-05-08,Home & Kitchen,57.61
2025-05-08,Electronics,313.82
2025-05-08,Toys,32.07
2025-05-08,Electronics,296.83
2025-05-08,Fashion,82.79
2025-05-08,Electronics,291.78
2025-05-08,Fashion,32.69
2025-05-08,Fashion,37.89
2025-05-08,Toys,38.67
2025-05-09,Books,57.94
2025-05-09,Toys,57.84
2025-05-09,Books,45.48
2025-05-09,Electronics,339.43
2025-05-09,Books,54.27
2025-05-09,Electronics,328.18
2025-05-09,Toys,64.78
2025-05-10,Books,46.2
2025-05-10,Home & Kitchen,79.92
2025-05-10,Electronics,317.37
2025-05-10,Home & Kitchen,45.54
2025-05-10,Books,37.98
2025-05-11,Electronics,314.25
2025-05-11,Fashion,51.29
2025-05-11,Home & Kitchen,80.11
2025-05-11,Electronics,328.79
2025-05-11,Fashion,65.62
2025-05-12,Home & Kitchen,48.33
2025-05-12,Electronics,326.75
2025-05-12,Books,15.31
2025-05-12,Fashion,74.46
2025-05-12,Toys,18.99
2025-05-12,Home & Kitchen,40.7
2025-05-12,Books,22.7
2025-05-12,Electronics,295.06
2025-05-12,Home & Kitchen,94.61
2025-05-12,Electronics,302.96
2025-05-12,Electronics,333.75
2025-05-12,Electronics,294.04
2025-05-12,Toys,56.55
2025-05-12,Home & Kitchen,64.23
2025-05-13,Electronics,308.38
2025-05-13,Home & Kitchen,75.42
2025-05-13,Books,52.9
2025-05-13,Fashion,57.01
2025-05-13,Books,60.0
2025-05-13,Fashion,64.93
2025-05-13,Home & Kitchen,62.2
2025-05-13,Books,28.58
2025-05-13,Home & Kitchen,50.01
2025-05-13,Toys,53.74
2025-05-13,Toys,68.41
2025-05-14,Books,25.39
2025-05-14,Home & Kitchen,78.75
2025-05-14,Books,5.4
2025-05-14,Fashion,54.58
2025-05-14,Electronics,296.08
2025-05-15,Home & Kitchen,90.5
2025-05-15,Books,38.58
2025-05-15,Books,15.04
2025-05-15,Home & Kitchen,69.14
2025-05-15,Fashion,61.91
2025-05-15,Toys,38.05
2025-05-15,Fashion,42.53
2025-05-15,Fashion,53.28
2025-05-15,Home & Kitchen,63.73
2025-05-16,Fashion,38.82
2025-05-16,Toys,32.35
2025-05-16,Toys,65.13
2025-05-16,Toys,72.36
2025-05-16,Toys,43.44
2025-05-16,Books,64.69
2025-05-16,Electronics,349.04
2025-05-16,Toys,51.41
2025-05-16,Books,6.86
2025-05-16,Books,63.81
2025-05-17,Electronics,321.94
2025-05-17,Toys,60.71
2025-05-17,Fashion,80.31
2025-05-17,Fashion,48.14
2025-05-17,Toys,26.68
2025-05-17,Electronics,320.45
2025-05-17,Books,19.1
2025-05-17,Fashion,63.46
2025-05-17,Fashion,39.91
2025-05-17,Toys,41.64
2025-05-17,Home & Kitchen,69.33
2025-05-17,Fashion,76.94
2025-05-17,Fashion,82.82
2025-05-18,Electronics,337.55
2025-05-18,Fashion,42.08
2025-05-18,Toys,23.88
2025-05-18,Toys,43.53
2025-05-18,Books,59.42
2025-05-18,Fashion,84.57
2025-05-18,Fashion,51.21
2025-05-18,Books,7.28
2025-05-18,Fashion,62.96
2025-05-18,Toys,62.65
2025-05-18,Books,33.01
2025-05-18,Home & Kitchen,96.64
2025-05-19,Fashion,57.76
2025-05-19,Books,34.0
2025-05-19,Home & Kitchen,69.49
2025-05-19,Fashion,42.19
2025-05-19,Fashion,60.68
2025-05-20,Fashion,64.64
2025-05-20,Fashion,83.67
2025-05-20,Fashion,54.46
2025-05-20,Fashion,66.13
2025-05-20,Books,53.4
2025-05-20,Fashion,42.03
2025-05-20,Electronics,293.57
2025-05-20,Toys,41.35
2025-05-20,Electronics,307.91
2025-05-20,Fashion,48.71
2025-05-20,Fashion,56.9
2025-05-20,Toys,73.29
2025-05-20,Toys,70.58
2025-05-21,Toys,16.83
2025-05-21,Fashion,71.55
2025-05-21,Home & Kitchen,77.95
2025-05-21,Toys,36.52
2025-05-21,Home & Kitchen,60.0
2025-05-21,Fashion,42.64
2025-05-22,Fashion,89.87
2025-05-22,Home & Kitchen,89.71
2025-05-22,Fashion,74.27
2025-05-22,Electronics,327.97
2025-05-22,Toys,15.34
2025-05-22,Toys,64.32
2025-05-22,Electronics,335.97
2025-05-22,Books,47.0
2025-05-22,Electronics,333.39
2025-05-22,Books,29.43
2025-05-22,Fashion,50.93
2025-05-22,Fashion,67.93
2025-05-22,Toys,71.86
2025-05-23,Toys,72.31
2025-05-23,Fashion,82.14
2025-05-23,Home & Kitchen,44.61
2025-05-23,Home & Kitchen,87.67
2025-05-23,Books,13.71
2025-05-23,Home & Kitchen,64.17
2025-05-24,Fashion,78.21
2025-05-24,Fashion,31.32
2025-05-24,Toys,65.53
2025-05-24,Electronics,328.43
2025-05-24,Toys,17.02
2025-05-24,Fashion,51.47
2025-05-25,Electronics,297.38
2025-05-25,Electronics,333.19
2025-05-25,Home & Kitchen,75.15
2025-05-25,Books,43.23
2025-05-25,Home & Kitchen,54.52
2025-05-25,Books,19.08
2025-05-25,Toys,63.24
2025-05-25,Books,13.57
2025-05-25,Home & Kitchen,64.09
2025-05-25,Home & Kitchen,48.03
2025-05-25,Home & Kitchen,83.3
2025-05-25,Electronics,334.92
2025-05-25,Electronics,290.01
2025-05-26,Toys,17.81
2025-05-26,Electronics,293.76
2025-05-26,Home & Kitchen,68.02
2025-05-26,Toys,71.43
2025-05-26,Toys,70.85
2025-05-26,Electronics,311.61
2025-05-26,Fashion,63.9
2025-05-26,Home & Kitchen,58.8
2025-05-26,Books,59.43
2025-05-26,Fashion,56.03
2025-05-26,Electronics,312.64
2025-05-26,Books,45.51
2025-05-26,Electronics,331.22
2025-05-26,Home & Kitchen,73.88
2025-05-27,Home & Kitchen,48.35
2025-05-27,Toys,57.78
2025-05-27,Toys,25.97
2025-05-27,Books,12.78
2025-05-27,Books,47.15
2025-05-27,Electronics,296.32
2025-05-27,Fashion,68.06
2025-05-27,Toys,17.89
2025-05-27,Toys,44.91
2025-05-27,Books,56.95
2025-05-27,Fashion,57.46
2025-05-27,Home & Kitchen,78.07
2025-05-27,Fashion,52.19
2025-05-28,Electronics,301.16
2025-05-28,Toys,64.33
2025-05-28,Home & Kitchen,52.72
2025-05-28,Electronics,342.19
2025-05-28,Electronics,337.77
2025-05-28,Toys,17.16
2025-05-28,Electronics,298.2
2025-05-28,Books,49.32
2025-05-28,Books,63.48
2025-05-28,Books,28.71
2025-05-28,Electronics,343.41
2025-05-29,Toys,18.49
2025-05-29,Home & Kitchen,72.63
2025-05-29,Toys,56.28
2025-05-29,Toys,37.75
2025-05-29,Home & Kitchen,41.16
2025-05-29,Books,61.93
2025-05-29,Fashion,59.57
2025-05-30,Electronics,344.36
2025-05-30,Books,5.6
2025-05-30,Fashion,82.66
2025-05-30,Home & Kitchen,71.14
2025-05-30,Electronics,308.71
2025-05-30,Books,21.04
2025-05-30,Electronics,321.28
2025-05-30,Home & Kitchen,91.43
2025-05-30,Toys,19.58
2025-05-30,Electronics,297.21
2025-05-31,Toys,35.51
2025-05-31,Home & Kitchen,53.4
2025-05-31,Electronics,312.3
2025-05-31,Fashion,69.78
2025-05-31,Toys,73.45
2025-05-31,Fashion,31.42
2025-05-31,Fashion,79.79
2025-05-31,Electronics,307.47
2025-05-31,Toys,38.88
2025-05-31,Books,58.97
2025-06-01,Toys,29.8
2025-06-01,Books,33.4
2025-06-01,Books,33.43
2025-06-01,Home & Kitchen,74.93
2025-06-01,Electronics,304.35
2025-06-01,Books,37.67
2025-06-01,Books,51.62
2025-06-01,Electronics,303.52
2025-06-01,Books,42.18
2025-06-01,Electronics,327.34
2025-06-01,Home & Kitchen,58.91
2025-06-01,Fashion,38.82
2025-06-01,Toys,46.64
2025-06-02,Books,43.57
2025-06-02,Electronics,310.71
2025-06-02,Books,25.24
2025-06-02,Books,37.33
2025-06-02,Electronics,331.4
2025-06-02,Home & Kitchen,48.84
2025-06-02,Toys,44.84
2025-06-02,Electronics,316.86
2025-06-03,Electronics,347.48
2025-06-03,Fashion,75.67
2025-06-03,Toys,71.94
2025-06-03,Toys,52.25
2025-06-03,Home & Kitchen,72.81
2025-06-03,Toys,42.52
2025-06-03,Fashion,39.94
2025-06-03,Toys,43.88
2025-06-03,Toys,18.0
2025-06-03,Electronics,298.22
2025-06-04,Fashion,53.51
2025-06-04,Books,62.64
2025-06-04,Books,62.09
2025-06-04,Fashion,88.87
2025-06-04,Electronics,303.15
2025-06-04,Toys,41.22
2025-06-05,Home & Kitchen,98.87
2025-06-05,Books,54.76
2025-06-05,Toys,69.47
2025-06-05,Home & Kitchen,81.9
2025-06-05,Fashion,61.29
2025-06-05,Home & Kitchen,98.02
2025-06-05,Toys,66.25
2025-06-06,Electronics,317.49
2025-06-06,Electronics,299.76
2025-06-06,Home & Kitchen,86.3
2025-06-06,Books,5.73
2025-06-06,Home & Kitchen,87.07
2025-06-06,Books,60.57
2025-06-06,Home & Kitchen,88.29
2025-06-06,Toys,28.32
2025-06-07,Home & Kitchen,70.88
2025-06-07,Fashion,45.23
2025-06-07,Fashion,31.75
2025-06-07,Fashion,83.68
2025-06-07,Toys,22.11
2025-06-07,Electronics,299.23
2025-06-07,Fashion,87.29
2025-06-07,Electronics,292.69
2025-06-07,Toys,43.89
2025-06-07,Fashion,53.55
2025-06-07,Toys,16.96
2025-06-07,Fashion,87.06
2025-06-08,Electronics,337.25
2025-06-08,Books,28.18
2025-06-08,Toys,36.51
2025-06-08,Books,55.84
2025-06-08,Electronics,301.5
2025-06-08,Toys,73.46
2025-06-08,Home & Kitchen,90.39
2025-06-08,Electronics,292.34
2025-06-08,Home & Kitchen,97.38
2025-06-08,Home & Kitchen,80.77
2025-06-08,Electronics,347.03
2025-06-08,Toys,58.15
2025-06-08,Fashion,55.65
2025-06-08,Books,50.53
2025-06-09,Toys,36.18
2025-06-09,Home & Kitchen,93.55
2025-06-09,Toys,60.79
2025-06-09,Home & Kitchen,93.33
2025-06-09,Home & Kitchen,52.28
2025-06-09,Toys,30.32
2025-06-09,Fashion,65.63
2025-06-10,Fashion,34.14
2025-06-10,Fashion,60.42
2025-06-10,Fashion,35.7
2025-06-10,Fashion,80.15
2025-06-10,Toys,58.6
2025-06-10,Toys,61.27
2025-06-10,Home & Kitchen,89.49
2025-06-10,Home & Kitchen,92.55
2025-06-10,Toys,31.95
2025-06-10,Toys,17.25
2025-06-10,Toys,60.93
2025-06-10,Electronics,325.43
2025-06-10,Books,36.35
2025-06-11,Electronics,348.38
2025-06-11,Toys,33.24
2025-06-11,Fashion,82.96
2025-06-11,Books,63.01
2025-06-11,Fashion,69.78
2025-06-11,Electronics,340.91
2025-06-11,Home & Kitchen,58.18
2025-06-11,Toys,57.76
2025-06-11,Fashion,46.29
2025-06-12,Fashion,89.97
2025-06-12,Books,64.09
2025-06-12,Toys,47.55
2025-06-12,Electronics,312.84
2025-06-12,Home & Kitchen,82.56
2025-06-12,Fashion,46.14
2025-06-12,Electronics,306.13
2025-06-12,Home & Kitchen,68.91
2025-06-12,Electronics,326.09
2025-06-12,Books,42.93
2025-06-12,Fashion,75.54
2025-06-12,Electronics,320.83
2025-06-12,Electronics,300.33
2025-06-13,Electronics,316.93
2025-06-13,Home & Kitchen,81.83
2025-06-13,Fashion,78.21
2025-06-13,Home & Kitchen,83.74
2025-06-13,Electronics,306.44
2025-06-14,Toys,23.53
2025-06-14,Books,63.71
2025-06-14,Fashion,37.13
2025-06-14,Electronics,333.62
2025-06-14,Toys,71.83
2025-06-14,Electronics,308.72
2025-06-14,Home & Kitchen,49.78
2025-06-14,Books,28.06
2025-06-14,Fashion,76.93
2025-06-14,Fashion,30.69
2025-06-14,Home & Kitchen,76.95
2025-06-14,Home & Kitchen,66.26
2025-06-14,Books,38.54
2025-06-15,Electronics,322.06
2025-06-15,Fashion,55.78
2025-06-15,Toys,58.11
2025-06-15,Toys,72.69
2025-06-15,Fashion,87.15
2025-06-15,Fashion,82.76
2025-06-15,Electronics,299.44
2025-06-16,Books,22.4
2025-06-16,Fashion,60.09
2025-06-16,Fashion,81.04
2025-06-16,Fashion,67.68
2025-06-16,Books,45.44
2025-06-16,Books,16.21
2025-06-16,Books,22.26
2025-06-16,Fashion,41.49
2025-06-17,Electronics,315.83
2025-06-17,Books,29.27
2025-06-17,Fashion,51.35
2025-06-17,Home & Kitchen,65.97
2025-06-17,Fashion,70.65
2025-06-18,Books,63.92
2025-06-18,Books,45.29
2025-06-18,Fashion,77.12
2025-06-18,Toys,21.08
2025-06-18,Toys,34.52
2025-06-18,Home & Kitchen,94.88
2025-06-19,Home & Kitchen,67.01
2025-06-19,Home & Kitchen,50.76
2025-06-19,Home & Kitchen,46.8
2025-06-19,Electronics,334.27
2025-06-19,Home & Kitchen,74.93
2025-06-19,Electronics,310.79
2025-06-19,Books,9.44
2025-06-19,Fashion,42.32
2025-06-19,Electronics,334.41
2025-06-19,Home & Kitchen,57.25
2025-06-19,Home & Kitchen,81.39
2025-06-19,Home & Kitchen,76.22
2025-06-20,Fashion,34.54
2025-06-20,Books,22.84
2025-06-20,Books,40.94
2025-06-20,Books,10.53
2025-06-20,Home & Kitchen,56.04
2025-06-20,Home & Kitchen,82.23
2025-06-20,Fashion,70.56
2025-06-20,Electronics,330.32
2025-06-20,Electronics,321.55
2025-06-20,Fashion,65.86
2025-06-20,Toys,25.44
2025-06-21,Home & Kitchen,66.95
2025-06-21,Toys,71.68
2025-06-21,Fashion,82.98
2025-06-21,Fashion,76.34
2025-06-21,Books,47.07
2025-06-21,Electronics,293.03
2025-06-21,Electronics,290.92
2025-06-22,Electronics,322.52
2025-06-22,Fashion,87.45
2025-06-22,Books,48.54
2025-06-22,Home & Kitchen,84.36
2025-06-22,Electronics,319.88
2025-06-22,Fashion,56.01
2025-06-22,Fashion,83.4
2025-06-22,Toys,69.87
2025-06-23,Toys,45.76
2025-06-23,Fashion,30.54
2025-06-23,Books,41.8
2025-06-23,Electronics,330.24
2025-06-23,Home & Kitchen,82.84
2025-06-23,Electronics,339.1
2025-06-23,Books,5.82
2025-06-23,Electronics,302.86
2025-06-24,Fashion,44.85
2025-06-24,Fashion,57.54
2025-06-24,Fashion,42.92
2025-06-24,Electronics,330.37
2025-06-24,Home & Kitchen,62.33
2025-06-24,Home & Kitchen,93.1
2025-06-24,Fashion,59.61
2025-06-24,Toys,62.21
2025-06-24,Fashion,67.01
2025-06-25,Fashion,61.29
2025-06-25,Fashion,76.24
2025-06-25,Electronics,345.25
2025-06-25,Fashion,62.3
2025-06-25,Electronics,341.91
2025-06-26,Toys,54.99
2025-06-26,Fashion,57.26
2025-06-26,Toys,67.42
2025-06-26,Fashion,72.33
2025-06-26,Home & Kitchen,69.97
2025-06-27,Books,13.66
2025-06-27,Books,30.16
2025-06-27,Fashion,65.93
2025-06-27,Toys,33.06
2025-06-27,Toys,43.17
2025-06-27,Books,17.6
2025-06-28,Fashion,54.58
2025-06-28,Home & Kitchen,64.53
2025-06-28,Toys,24.63
2025-06-28,Toys,62.19
2025-06-28,Books,44.85
2025-06-29,Fashion,78.85
2025-06-29,Books,31.77
2025-06-29,Books,22.35
2025-06-29,Books,60.47
2025-06-29,Fashion,60.9
2025-06-29,Electronics,311.41
2025-06-29,Home & Kitchen,89.71
2025-06-29,Electronics,339.69
2025-06-29,Toys,34.6
2025-06-29,Home & Kitchen,62.41
2025-06-29,Home & Kitchen,96.47
2025-06-30,Electronics,296.15
2025-06-30,Electronics,294.66
2025-06-30,Toys,45.19
2025-06-30,Electronics,341.53
2025-06-30,Home & Kitchen,93.06
2025-07-01,Fashion,54.87
2025-07-01,Electronics,299.62
2025-07-01,Toys,39.67
2025-07-01,Books,18.78
2025-07-01,Toys,24.92
2025-07-01,Toys,58.12
2025-07-01,Books,35.9
2025-07-01,Electronics,310.71
2025-07-01,Fashion,73.94
2025-07-01,Fashion,44.49
2025-07-01,Home & Kitchen,78.08
2025-07-02,Books,12.1
2025-07-02,Home & Kitchen,76.47
2025-07-02,Fashion,50.14
2025-07-02,Books,39.31
2025-07-02,Fashion,63.41
2025-07-02,Electronics,315.74
2025-07-02,Fashion,70.74
2025-07-03,Home & Kitchen,50.3
2025-07-03,Home & Kitchen,59.65
2025-07-03,Toys,67.23
2025-07-03,Home & Kitchen,41.33
2025-07-03,Toys,56.8
2025-07-03,Toys,22.03
2025-07-03,Toys,41.35
2025-07-03,Home & Kitchen,70.74
2025-07-03,Toys,38.51
2025-07-03,Electronics,330.73
2025-07-03,Home & Kitchen,70.47
2025-07-03,Toys,61.59
2025-07-04,Fashion,34.14
2025-07-04,Toys,39.49
2025-07-04,Toys,52.71
2025-07-04,Home & Kitchen,55.2
2025-07-04,Electronics,333.88
2025-07-05,Electronics,317.9
2025-07-05,Electronics,319.11
2025-07-05,Fashion,47.13
2025-07-05,Toys,26.01
2025-07-05,Home & Kitchen,64.27
2025-07-05,Fashion,30.8
2025-07-05,Electronics,338.21
2025-07-05,Fashion,46.85
2025-07-05,Home & Kitchen,44.02
2025-07-05,Books,15.9
2025-07-05,Books,55.88
2025-07-05,Books,43.9
2025-07-05,Toys,42.03
2025-07-06,Books,64.83
2025-07-06,Fashion,32.57
2025-07-06,Fashion,43.21
2025-07-06,Fashion,72.4
2025-07-06,Books,32.85
2025-07-06,Books,7.72
2025-07-06,Fashion,85.76
2025-07-06,Fashion,79.88
2025-07-06,Electronics,312.39
2025-07-06,Books,10.72
2025-07-07,Electronics,324.86
2025-07-07,Electronics,325.02
2025-07-07,Toys,46.26
2025-07-07,Home & Kitchen,85.51
2025-07-07,Fashion,70.27
2025-07-07,Books,49.54
2025-07-07,Books,16.7
2025-07-07,Books,28.45
2025-07-07,Home & Kitchen,94.49
2025-07-07,Fashion,55.99
2025-07-07,Home & Kitchen,93.35
2025-07-07,Toys,47.5
2025-07-08,Books,33.44
2025-07-08,Toys,57.77
2025-07-08,Fashion,41.12
2025-07-08,Toys,27.89
2025-07-08,Books,48.46
2025-07-08,Fashion,41.28
2025-07-08,Electronics,325.08
2025-07-08,Home & Kitchen,62.97
2025-07-08,Home & Kitchen,67.05
2025-07-08,Electronics,306.32
2025-07-08,Electronics,305.84
2025-07-08,Fashion,68.18
2025-07-08,Electronics,321.72
2025-07-08,Books,32.79
2025-07-09,Home & Kitchen,79.72
2025-07-09,Books,32.69
2025-07-09,Books,51.42
2025-07-09,Books,27.1
2025-07-09,Books,18.03
2025-07-09,Toys,30.57
2025-07-09,Toys,67.75
2025-07-09,Fashion,79.46
2025-07-10,Home & Kitchen,87.03
2025-07-10,Electronics,343.88
2025-07-10,Fashion,60.85
2025-07-10,Toys,41.19
2025-07-10,Toys,64.52
2025-07-10,Home & Kitchen,84.88
2025-07-10,Electronics,324.6
2025-07-10,Fashion,89.93
2025-07-10,Fashion,86.01
2025-07-10,Fashion,78.4
2025-07-10,Home & Kitchen,40.34
2025-07-10,Fashion,44.49
2025-07-11,Fashion,31.35
2025-07-11,Fashion,80.95
2025-07-11,Fashion,30.82
2025-07-11,Books,44.26
2025-07-11,Fashion,30.94
2025-07-12,Home & Kitchen,82.37
2025-07-12,Books,7.34
2025-07-12,Fashion,30.32
2025-07-12,Fashion,67.48
2025-07-12,Toys,39.14
2025-07-12,Fashion,64.86
2025-07-12,Toys,53.3
2025-07-12,Fashion,56.54
2025-07-12,Home & Kitchen,48.31
2025-07-12,Electronics,303.73
2025-07-12,Fashion,82.1
2025-07-12,Fashion,85.75
2025-07-13,Books,36.66
2025-07-13,Fashion,58.16
2025-07-13,Toys,73.87
2025-07-13,Books,56.66
2025-07-13,Home & Kitchen,82.91
2025-07-13,Electronics,320.24
2025-07-13,Fashion,79.97
2025-07-13,Fashion,70.65
2025-07-13,Home & Kitchen,46.6
2025-07-13,Fashion,40.04
2025-07-13,Toys,18.26
2025-07-14,Electronics,294.19
2025-07-14,Fashion,74.87
2025-07-14,Books,29.83
2025-07-14,Books,7.54
2025-07-14,Home & Kitchen,80.07
2025-07-14,Toys,71.92
2025-07-14,Home & Kitchen,41.15
2025-07-14,Electronics,326.58
2025-07-14,Fashion,57.21
2025-07-14,Books,62.66
2025-07-14,Fashion,68.34
2025-07-14,Home & Kitchen,64.11
2025-07-14,Toys,50.07
2025-07-15,Home & Kitchen,95.28
2025-07-15,Home & Kitchen,84.43
2025-07-15,Books,26.3
2025-07-15,Books,6.9
2025-07-15,Home & Kitchen,45.07
2025-07-16,Books,19.78
2025-07-16,Fashion,42.67
2025-07-16,Toys,73.57
2025-07-16,Fashion,74.25
2025-07-16,Electronics,349.83
2025-07-16,Books,17.97
2025-07-16,Electronics,327.36
2025-07-16,Electronics,317.9
2025-07-17,Books,25.85
2025-07-17,Toys,73.52
2025-07-17,Electronics,330.16
2025-07-17,Home & Kitchen,96.28
2025-07-17,Fashion,63.11
2025-07-17,Home & Kitchen,44.26
2025-07-17,Books,15.09
2025-07-17,Fashion,58.15
2025-07-17,Home & Kitchen,44.49
2025-07-18,Books,63.38
2025-07-18,Electronics,348.07
2025-07-18,Books,21.7
2025-07-18,Fashion,49.58
2025-07-18,Toys,28.95
2025-07-18,Books,54.6
2025-07-18,Books,26.32
2025-07-18,Toys,33.15
2025-07-18,Books,17.63
2025-07-19,Books,13.82
2025-07-19,Home & Kitchen,89.76
2025-07-19,Fashion,63.8
2025-07-19,Toys,43.71
2025-07-19,Home & Kitchen,70.33
2025-07-19,Fashion,30.19
2025-07-19,Books,34.27
2025-07-19,Electronics,316.5
2025-07-19,Home & Kitchen,89.34
2025-07-19,Home & Kitchen,56.92
2025-07-20,Electronics,301.44
2025-07-20,Electronics,324.46
2025-07-20,Fashion,89.51
2025-07-20,Electronics,341.73
2025-07-20,Toys,74.37
2025-07-20,Electronics,346.43
2025-07-21,Fashion,61.37
2025-07-21,Toys,59.5
2025-07-21,Books,33.99
2025-07-21,Fashion,69.48
2025-07-21,Electronics,341.59
2025-07-21,Home & Kitchen,47.39
2025-07-21,Books,29.97
2025-07-21,Toys,68.39
2025-07-21,Electronics,300.53
2025-07-21,Fashion,74.17
2025-07-21,Books,34.38
2025-07-21,Books,63.21
2025-07-21,Electronics,334.5
2025-07-21,Fashion,38.47
2025-07-22,Books,14.92
2025-07-22,Fashion,43.12
2025-07-22,Toys,39.39
2025-07-22,Toys,49.6
2025-07-22,Electronics,337.14
2025-07-22,Fashion,86.33
2025-07-22,Fashion,50.25
2025-07-22,Fashion,80.71
2025-07-22,Toys,25.51
2025-07-22,Electronics,291.51
2025-07-23,Home & Kitchen,71.32
2025-07-23,Books,5.04
2025-07-23,Home & Kitchen,87.56
2025-07-23,Books,27.59
2025-07-23,Electronics,299.12
2025-07-23,Electronics,323.26
2025-07-23,Toys,20.63
2025-07-23,Home & Kitchen,54.23
2025-07-23,Fashion,32.4
2025-07-24,Fashion,44.29
2025-07-24,Fashion,65.4
2025-07-24,Toys,42.98
2025-07-24,Electronics,332.15
2025-07-24,Home & Kitchen,85.63
2025-07-24,Electronics,332.24
2025-07-24,Toys,61.17
2025-07-24,Toys,57.49
2025-07-24,Home & Kitchen,50.24
2025-07-24,Toys,60.77
2025-07-24,Electronics,320.63
2025-07-24,Books,45.2
2025-07-25,Home & Kitchen,86.41
2025-07-25,Toys,18.01
2025-07-25,Books,21.71
2025-07-25,Electronics,316.29
2025-07-25,Electronics,337.76
2025-07-25,Fashion,56.94
2025-07-25,Electronics,310.16
2025-07-25,Books,48.48
2025-07-26,Electronics,301.35
2025-07-26,Fashion,40.41
2025-07-26,Electronics,326.65
2025-07-26,Home & Kitchen,63.53
2025-07-26,Fashion,64.11
2025-07-26,Electronics,302.65
2025-07-26,Home & Kitchen,80.64
2025-07-26,Toys,65.1
2025-07-26,Home & Kitchen,59.08
2025-07-26,Toys,64.61
2025-07-26,Electronics,306.97
2025-07-26,Fashion,50.71
2025-07-26,Electronics,309.93
2025-07-27,Fashion,68.23
2025-07-27,Fashion,66.69
2025-07-27,Fashion,41.54
2025-07-27,Books,55.89
2025-07-27,Toys,68.09
2025-07-27,Books,26.02
2025-07-28,Fashion,50.39
2025-07-28,Toys,15.62
2025-07-28,Electronics,332.37
2025-07-28,Books,64.41
2025-07-28,Home & Kitchen,56.69
2025-07-29,Fashion,80.97
2025-07-29,Home & Kitchen,60.6
2025-07-29,Electronics,346.13
2025-07-29,Home & Kitchen,95.72
2025-07-29,Books,14.89
2025-07-29,Books,21.38
2025-07-29,Toys,41.8
2025-07-29,Home & Kitchen,51.36
2025-07-29,Home & Kitchen,94.29
2025-07-29,Books,50.23
2025-07-29,Home & Kitchen,50.63
2025-07-29,Toys,21.89
2025-07-30,Fashion,42.75
2025-07-30,Toys,29.97
2025-07-30,Home & Kitchen,91.37
2025-07-30,Home & Kitchen,93.73
2025-07-30,Books,23.83
2025-07-31,Electronics,316.4
2025-07-31,Home & Kitchen,51.08
2025-07-31,Home & Kitchen,76.23
2025-07-31,Books,54.86
2025-07-31,Toys,59.1
2025-07-31,Electronics,297.02
2025-07-31,Toys,44.57
2025-07-31,Home & Kitchen,48.23
2025-07-31,Electronics,299.86
2025-07-31,Electronics,313.41
2025-07-31,Electronics,292.71
2025-08-01,Books,39.89
2025-08-01,Toys,64.26
2025-08-01,Fashion,54.65
2025-08-01,Home & Kitchen,59.61
2025-08-01,Electronics,294.96
2025-08-01,Fashion,78.06
2025-08-01,Toys,20.92
2025-08-01,Toys,42.84
2025-08-01,Fashion,88.83
2025-08-01,Toys,28.58
2025-08-01,Fashion,65.69
2025-08-02,Books,42.02
2025-08-02,Fashion,61.94
2025-08-02,Books,57.39
2025-08-02,Toys,49.08
2025-08-02,Toys,29.77
2025-08-03,Electronics,291.91
2025-08-03,Home & Kitchen,65.87
2025-08-03,Home & Kitchen,43.02
2025-08-03,Books,6.64
2025-08-03,Electronics,317.48
2025-08-03,Toys,51.84
2025-08-03,Electronics,298.27
2025-08-03,Home & Kitchen,61.55
2025-08-03,Toys,59.71
2025-08-03,Fashion,51.05
2025-08-03,Electronics,309.69
2025-08-03,Home & Kitchen,49.36
2025-08-03,Electronics,311.5
2025-08-03,Toys,65.45
2025-08-04,Toys,49.59
2025-08-04,Toys,38.08
2025-08-04,Electronics,306.55
2025-08-04,Fashion,31.01
2025-08-04,Toys,71.02
2025-08-04,Electronics,315.25
2025-08-04,Home & Kitchen,41.96
2025-08-04,Toys,33.71
2025-08-04,Fashion,69.38
2025-08-04,Home & Kitchen,59.93
2025-08-04,Electronics,332.89
2025-08-04,Toys,28.44
2025-08-05,Fashion,76.41
2025-08-05,Books,46.6
2025-08-05,Fashion,51.28
2025-08-05,Books,45.88
2025-08-05,Home & Kitchen,90.02
2025-08-05,Toys,41.29
2025-08-05,Fashion,87.74
2025-08-05,Fashion,51.29
2025-08-05,Toys,46.9
2025-08-05,Toys,19.21
2025-08-05,Books,38.38
2025-08-06,Toys,28.21
2025-08-06,Toys,57.61
2025-08-06,Fashion,43.88
2025-08-06,Fashion,45.74
2025-08-06,Toys,65.19
2025-08-06,Books,59.99
2025-08-06,Home & Kitchen,59.0
2025-08-06,Fashion,35.48
2025-08-07,Home & Kitchen,42.58
2025-08-07,Toys,40.71
2025-08-07,Books,31.63
2025-08-07,Toys,54.48
2025-08-07,Home & Kitchen,54.23
2025-08-07,Books,27.74
2025-08-07,Home & Kitchen,90.65
2025-08-07,Home & Kitchen,70.85
2025-08-07,Toys,69.09
2025-08-07,Fashion,63.56
2025-08-08,Fashion,72.77
2025-08-08,Books,24.46
2025-08-08,Electronics,333.7
2025-08-08,Toys,66.43
2025-08-08,Fashion,86.81
2025-08-08,Books,27.94
2025-08-08,Fashion,57.26
2025-08-08,Home & Kitchen,41.55
2025-08-08,Books,16.47
2025-08-08,Electronics,315.86
2025-08-08,Fashion,86.31
2025-08-08,Home & Kitchen,77.37
2025-08-08,Toys,33.43
2025-08-08,Electronics,299.61
2025-08-09,Electronics,337.83
2025-08-09,Home & Kitchen,45.05
2025-08-09,Home & Kitchen,60.43
2025-08-09,Electronics,293.14
2025-08-09,Fashion,66.15
2025-08-09,Home & Kitchen,44.61
2025-08-09,Fashion,31.42
2025-08-09,Toys,71.9
2025-08-09,Electronics,303.89
2025-08-09,Home & Kitchen,95.59
2025-08-09,Home & Kitchen,95.61
2025-08-09,Fashion,32.36
2025-08-10,Fashion,53.57
2025-08-10,Toys,58.87
2025-08-10,Electronics,337.24
2025-08-10,Home & Kitchen,75.3
2025-08-10,Toys,48.97
2025-08-11,Home & Kitchen,43.71
2025-08-11,Fashion,72.57
2025-08-11,Books,30.57
2025-08-11,Fashion,78.34
2025-08-11,Toys,34.05
2025-08-11,Books,54.04
2025-08-11,Toys,20.39
2025-08-11,Books,32.0
2025-08-11,Toys,52.59
2025-08-11,Toys,20.01
2025-08-12,Toys,67.24
2025-08-12,Toys,41.53
2025-08-12,Fashion,59.06
2025-08-12,Books,14.68
2025-08-12,Home & Kitchen,52.52
2025-08-12,Toys,60.61
2025-08-12,Books,37.84
2025-08-12,Electronics,306.09
2025-08-12,Books,29.46
2025-08-12,Home & Kitchen,43.4
2025-08-12,Books,40.09
2025-08-12,Fashion,71.83
2025-08-12,Toys,29.79
2025-08-12,Toys,35.69
2025-08-13,Books,23.71
2025-08-13,Electronics,303.8
2025-08-13,Fashion,68.89
2025-08-13,Books,45.34
2025-08-13,Electronics,298.47
2025-08-13,Books,11.34
2025-08-13,Toys,24.38
2025-08-13,Fashion,51.63
2025-08-14,Books,21.24
2025-08-14,Home & Kitchen,41.8
2025-08-14,Electronics,299.37
2025-08-14,Books,63.64
2025-08-14,Fashion,64.67
2025-08-14,Toys,53.27
2025-08-14,Toys,61.08
2025-08-14,Fashion,54.67
2025-08-14,Home & Kitchen,77.13
2025-08-14,Electronics,320.04
2025-08-14,Toys,40.78
2025-08-14,Electronics,297.75
2025-08-14,Toys,61.77
2025-08-14,Home & Kitchen,71.42
2025-08-15,Electronics,319.53
2025-08-15,Electronics,329.13
2025-08-15,Toys,60.92
2025-08-15,Home & Kitchen,76.15
2025-08-15,Books,11.17
2025-08-16,Fashion,88.75
2025-08-16,Fashion,87.83
2025-08-16,Fashion,49.46
2025-08-16,Home & Kitchen,93.37
2025-08-16,Home & Kitchen,85.95
2025-08-16,Home & Kitchen,74.52
2025-08-16,Books,21.56
2025-08-16,Electronics,291.1
2025-08-16,Home & Kitchen,81.54
2025-08-16,Electronics,327.52
2025-08-16,Electronics,329.13
2025-08-16,Toys,54.03
2025-08-16,Toys,51.36
2025-08-16,Books,47.08
2025-08-17,Home & Kitchen,51.01
2025-08-17,Electronics,345.73
2025-08-17,Electronics,317.92
2025-08-17,Electronics,327.36
2025-08-17,Electronics,305.52
2025-08-17,Books,33.96
2025-08-17,Home & Kitchen,65.58
2025-08-17,Books,48.46
2025-08-17,Fashion,68.0
2025-08-17,Electronics,347.92
2025-08-17,Toys,63.36
2025-08-17,Toys,49.61
2025-08-17,Toys,16.48
2025-08-18,Home & Kitchen,72.8
2025-08-18,Toys,51.05
2025-08-18,Home & Kitchen,95.04
2025-08-18,Books,14.04
2025-08-18,Books,64.49
2025-08-18,Toys,69.02
2025-08-18,Electronics,308.47
2025-08-18,Toys,55.78
2025-08-18,Home & Kitchen,74.87
2025-08-19,Toys,31.32
2025-08-19,Fashion,85.46
2025-08-19,Toys,53.02
2025-08-19,Books,24.41
2025-08-19,Toys,65.24
2025-08-19,Toys,35.56
2025-08-19,Books,60.46
2025-08-19,Books,43.99
2025-08-19,Toys,68.66
2025-08-19,Fashion,47.93
2025-08-19,Fashion,30.0
2025-08-20,Electronics,323.26
2025-08-20,Toys,72.46
2025-08-20,Fashion,83.93
2025-08-20,Toys,20.1
2025-08-20,Electronics,313.04
2025-08-20,Home & Kitchen,76.43
2025-08-20,Books,18.54
2025-08-21,Electronics,308.9
2025-08-21,Fashion,79.78
2025-08-21,Fashion,61.91
2025-08-21,Home & Kitchen,43.95
2025-08-21,Books,39.96
2025-08-21,Electronics,309.2
2025-08-21,Toys,33.34
2025-08-21,Electronics,319.34
2025-08-21,Books,45.93
2025-08-21,Toys,56.68
2025-08-21,Electronics,327.94
2025-08-21,Fashion,70.0
2025-08-22,Toys,30.4
2025-08-22,Books,30.56
2025-08-22,Fashion,73.81
2025-08-22,Toys,61.82
2025-08-22,Toys,16.54
2025-08-22,Books,31.58
2025-08-22,Toys,62.79
2025-08-22,Fashion,41.77
2025-08-23,Home & Kitchen,71.41
2025-08-23,Fashion,58.71
2025-08-23,Fashion,46.67
2025-08-23,Electronics,295.16
2025-08-23,Fashion,79.95
2025-08-23,Fashion,65.14
2025-08-23,Fashion,68.27
2025-08-23,Fashion,85.95
2025-08-24,Fashion,46.31
2025-08-24,Books,23.47
2025-08-24,Home & Kitchen,49.24
2025-08-24,Fashion,78.6
2025-08-24,Fashion,38.14
2025-08-24,Fashion,84.46
2025-08-25,Electronics,332.03
2025-08-25,Books,26.52
2025-08-25,Toys,46.78
2025-08-25,Toys,33.95
2025-08-25,Electronics,348.51
2025-08-25,Toys,57.13
2025-08-25,Electronics,347.99
2025-08-25,Books,28.76
2025-08-26,Home & Kitchen,64.74
2025-08-26,Electronics,305.05
2025-08-26,Home & Kitchen,75.07
2025-08-26,Electronics,312.67
2025-08-26,Toys,35.36
2025-08-27,Fashion,69.49
2025-08-27,Electronics,296.38
2025-08-27,Books,29.04
2025-08-27,Electronics,314.89
2025-08-27,Home & Kitchen,76.84
2025-08-27,Toys,41.52
2025-08-27,Books,28.82
2025-08-27,Electronics,346.43
2025-08-28,Electronics,347.27
2025-08-28,Electronics,300.83
2025-08-28,Electronics,326.11
2025-08-28,Toys,21.67
2025-08-28,Fashion,50.29
2025-08-28,Electronics,299.75
2025-08-28,Books,14.76
2025-08-28,Electronics,327.2
2025-08-28,Home & Kitchen,52.89
2025-08-28,Home & Kitchen,92.31
2025-08-29,Toys,30.26
2025-08-29,Books,37.42
2025-08-29,Fashion,70.7
2025-08-29,Electronics,313.78
2025-08-29,Books,57.73
2025-08-29,Fashion,39.09
2025-08-29,Fashion,52.29
2025-08-30,Electronics,321.42
2025-08-30,Home & Kitchen,68.19
2025-08-30,Electronics,339.71
2025-08-30,Fashion,77.48
2025-08-30,Books,54.72
2025-08-30,Home & Kitchen,58.42
2025-08-30,Toys,22.46
2025-08-30,Home & Kitchen,99.26
2025-08-30,Home & Kitchen,50.63
2025-08-31,Books,7.42
2025-08-31,Fashion,60.98
2025-08-31,Toys,15.63
2025-08-31,Home & Kitchen,68.88
2025-08-31,Toys,62.16
2025-08-31,Fashion,50.51
2025-08-31,Toys,15.77
2025-08-31,Toys,31.82
2025-08-31,Toys,41.39
2025-08-31,Books,6.45
2025-09-01,Home & Kitchen,75.97
2025-09-01,Fashion,57.56
2025-09-01,Toys,69.33
2025-09-01,Books,7.9
2025-09-01,Home & Kitchen,66.47
2025-09-01,Fashion,65.28
2025-09-01,Electronics,320.21
2025-09-01,Home & Kitchen,89.56
2025-09-01,Home & Kitchen,87.06
2025-09-01,Electronics,290.87
2025-09-02,Books,29.91
2025-09-02,Fashion,67.54
2025-09-02,Electronics,291.26
2025-09-02,Toys,51.26
2025-09-02,Home & Kitchen,57.0
2025-09-02,Fashion,43.61
2025-09-02,Home & Kitchen,44.81
2025-09-02,Toys,15.74
2025-09-02,Fashion,41.07
2025-09-02,Books,19.65
2025-09-02,Fashion,33.07
2025-09-03,Toys,72.14
2025-09-03,Fashion,52.97
2025-09-03,Home & Kitchen,48.72
2025-09-03,Books,5.44
2025-09-03,Fashion,34.27
2025-09-03,Toys,74.67
2025-09-03,Electronics,323.47
2025-09-03,Toys,21.81
2025-09-03,Home & Kitchen,51.12
2025-09-03,Electronics,328.73
2025-09-04,Home & Kitchen,96.76
2025-09-04,Electronics,294.63
2025-09-04,Books,64.04
2025-09-04,Books,12.4
2025-09-04,Electronics,299.96
2025-09-05,Fashion,71.44
2025-09-05,Toys,71.94
2025-09-05,Home & Kitchen,95.68
2025-09-05,Fashion,63.28
2025-09-05,Home & Kitchen,80.34
2025-09-05,Electronics,293.32
2025-09-05,Fashion,75.96
2025-09-05,Electronics,314.93
2025-09-05,Books,39.78
2025-09-05,Books,15.62
2025-09-05,Home & Kitchen,42.49
2025-09-06,Toys,29.22
2025-09-06,Electronics,293.06
2025-09-06,Home & Kitchen,87.85
2025-09-06,Home & Kitchen,75.26
2025-09-06,Toys,43.51
2025-09-06,Books,9.36
2025-09-06,Home & Kitchen,77.66
2025-09-06,Fashion,80.63
2025-09-06,Toys,56.24
2025-09-06,Toys,28.48
2025-09-06,Electronics,327.84
2025-09-06,Fashion,88.69
2025-09-06,Fashion,50.05
2025-09-06,Books,30.2
2025-09-07,Fashion,61.31
2025-09-07,Books,56.99
2025-09-07,Electronics,347.43
2025-09-07,Fashion,38.4
2025-09-07,Fashion,57.58
2025-09-08,Toys,52.12
2025-09-08,Books,64.79
2025-09-08,Books,45.53
2025-09-08,Books,64.64
2025-09-08,Books,48.81
2025-09-08,Toys,41.04
2025-09-08,Toys,74.49
2025-09-08,Electronics,311.26
2025-09-08,Fashion,70.15
2025-09-08,Fashion,72.04
2025-09-09,Electronics,329.35
2025-09-09,Fashion,64.22
2025-09-09,Home & Kitchen,44.15
2025-09-09,Fashion,51.29
2025-09-09,Home & Kitchen,42.6
2025-09-09,Fashion,45.67
2025-09-10,Toys,49.04
2025-09-10,Toys,59.1
2025-09-10,Toys,44.29
2025-09-10,Books,20.68
2025-09-10,Toys,18.66
2025-09-10,Books,35.82
2025-09-10,Electronics,309.14
2025-09-10,Electronics,319.77
2025-09-10,Electronics,304.55
2025-09-10,Toys,34.12
2025-09-10,Home & Kitchen,96.49
2025-09-10,Toys,43.3
2025-09-10,Fashion,67.54
2025-09-11,Books,29.44
2025-09-11,Toys,30.22
2025-09-11,Electronics,301.78
2025-09-11,Toys,44.67
2025-09-11,Fashion,65.29
2025-09-12,Toys,63.61
2025-09-12,Fashion,66.7
2025-09-12,Fashion,45.34
2025-09-12,Home & Kitchen,50.85
2025-09-12,Home & Kitchen,50.87
2025-09-12,Home & Kitchen,58.38
2025-09-13,Toys,40.59
2025-09-13,Electronics,294.89
2025-09-13,Home & Kitchen,86.36
2025-09-13,Electronics,302.84
2025-09-13,Books,5.88
2025-09-13,Toys,63.71
2025-09-13,Books,43.96
2025-09-13,Electronics,308.53
2025-09-13,Home & Kitchen,95.97
2025-09-13,Fashion,63.44
2025-09-14,Toys,48.88
2025-09-14,Home & Kitchen,93.15
2025-09-14,Toys,70.9
2025-09-14,Home & Kitchen,84.16
2025-09-14,Toys,32.23
2025-09-14,Fashion,32.95
2025-09-14,Electronics,298.26
2025-09-14,Fashion,43.24
2025-09-14,Toys,16.48
2025-09-15,Toys,55.49
2025-09-15,Home & Kitchen,94.7
2025-09-15,Electronics,335.6
2025-09-15,Home & Kitchen,80.83
2025-09-15,Books,17.58
2025-09-15,Toys,71.07
2025-09-15,Home & Kitchen,86.91
2025-09-15,Electronics,299.11
2025-09-16,Books,8.27
2025-09-16,Toys,55.3
2025-09-16,Toys,40.69
2025-09-16,Books,17.41
2025-09-16,Fashion,48.73
2025-09-16,Home & Kitchen,52.39
2025-09-16,Books,49.71
2025-09-16,Fashion,53.9
2025-09-17,Electronics,312.21
2025-09-17,Electronics,309.42
2025-09-17,Fashion,80.77
2025-09-17,Electronics,329.46
2025-09-17,Books,27.6
2025-09-17,Fashion,77.28
2025-09-17,Fashion,44.91
2025-09-18,Fashion,82.53
2025-09-18,Toys,66.52
2025-09-18,Fashion,77.11
2025-09-18,Books,13.8
2025-09-18,Home & Kitchen,96.7
2025-09-18,Toys,34.69
2025-09-18,Electronics,330.16
2025-09-18,Fashion,60.63
2025-09-19,Home & Kitchen,43.82
2025-09-19,Fashion,81.69
2025-09-19,Fashion,87.14
2025-09-19,Toys,55.96
2025-09-19,Fashion,78.72
2025-09-19,Books,22.37
2025-09-19,Fashion,78.19
2025-09-20,Toys,59.52
2025-09-20,Books,42.5
2025-09-20,Fashion,40.13
2025-09-20,Fashion,87.57
2025-09-20,Books,16.67
2025-09-21,Toys,53.16
2025-09-21,Books,39.67
2025-09-21,Fashion,66.26
2025-09-21,Fashion,77.58
2025-09-21,Fashion,72.56
2025-09-21,Fashion,80.33
2025-09-21,Toys,70.33
2025-09-21,Electronics,308.25
2025-09-21,Books,11.76
2025-09-21,Home & Kitchen,58.38
2025-09-21,Home & Kitchen,42.83
2025-09-21,Fashion,70.75
2025-09-21,Books,18.98
2025-09-21,Fashion,67.78
2025-09-22,Home & Kitchen,86.53
2025-09-22,Toys,23.36
2025-09-22,Books,37.66
2025-09-22,Electronics,293.37
2025-09-22,Books,36.65
2025-09-22,Toys,46.23
2025-09-22,Toys,17.0
2025-09-22,Toys,39.95
2025-09-22,Fashion,45.0
2025-09-22,Electronics,317.08
2025-09-22,Electronics,325.72
2025-09-22,Toys,43.08
2025-09-22,Toys,62.1
2025-09-23,Toys,64.22
2025-09-23,Home & Kitchen,80.41
2025-09-23,Fashion,57.48
2025-09-23,Home & Kitchen,42.76
2025-09-23,Books,35.77
2025-09-23,Home & Kitchen,84.78
2025-09-23,Electronics,349.74
2025-09-24,Toys,70.24
2025-09-24,Fashion,33.28
2025-09-24,Electronics,315.12
2025-09-24,Electronics,296.32
2025-09-24,Fashion,84.9
2025-09-24,Home & Kitchen,50.07
2025-09-24,Fashion,34.06
2025-09-24,Home & Kitchen,83.37
2025-09-24,Electronics,332.33
2025-09-25,Books,19.53
2025-09-25,Fashion,52.49
2025-09-25,Electronics,333.12
2025-09-25,Electronics,334.96
2025-09-25,Books,64.66
2025-09-25,Home & Kitchen,43.23
2025-09-25,Home & Kitchen,56.47
2025-09-25,Electronics,313.51
2025-09-26,Toys,59.35
2025-09-26,Fashion,70.54
2025-09-26,Home & Kitchen,92.65
2025-09-26,Home & Kitchen,91.96
2025-09-26,Fashion,31.9
2025-09-26,Home & Kitchen,67.64
2025-09-27,Home & Kitchen,99.21
2025-09-27,Home & Kitchen,72.3
2025-09-27,Electronics,341.45
2025-09-27,Fashion,46.02
2025-09-27,Home & Kitchen,60.73
2025-09-27,Fashion,49.55
2025-09-27,Home & Kitchen,54.09
2025-09-28,Books,54.65
2025-09-28,Electronics,347.08
2025-09-28,Electronics,304.01
2025-09-28,Fashion,55.69
2025-09-28,Electronics,307.48
2025-09-28,Fashion,51.8
2025-09-28,Toys,67.55
2025-09-29,Toys,59.24
2025-09-29,Home & Kitchen,46.41
2025-09-29,Home & Kitchen,57.86
2025-09-29,Electronics,308.88
2025-09-29,Electronics,340.66
2025-09-29,Fashion,68.09
2025-09-29,Fashion,49.58
2025-09-29,Home & Kitchen,94.57
2025-09-30,Books,56.88
2025-09-30,Toys,25.31
2025-09-30,Electronics,304.82
2025-09-30,Toys,23.34
2025-09-30,Fashion,81.24
2025-10-01,Home & Kitchen,70.71
2025-10-01,Electronics,340.19
2025-10-01,Fashion,30.86
2025-10-01,Fashion,83.29
2025-10-01,Books,41.36
2025-10-01,Books,22.34
2025-10-01,Toys,38.6
2025-10-01,Fashion,72.06
2025-10-01,Home & Kitchen,58.62
2025-10-01,Toys,64.79
2025-10-01,Electronics,328.73
2025-10-01,Toys,39.09
2025-10-02,Home & Kitchen,53.23
2025-10-02,Electronics,292.39
2025-10-02,Home & Kitchen,52.59
2025-10-02,Books,63.18
2025-10-02,Electronics,292.59
2025-10-02,Toys,66.18
2025-10-02,Fashion,86.87
2025-10-03,Home & Kitchen,46.52
2025-10-03,Toys,35.56
2025-10-03,Fashion,41.52
2025-10-03,Home & Kitchen,67.02
2025-10-03,Electronics,345.06
2025-10-03,Fashion,79.56
2025-10-04,Fashion,34.14
2025-10-04,Electronics,323.71
2025-10-04,Books,43.14
2025-10-04,Home & Kitchen,48.91
2025-10-04,Home & Kitchen,81.33
2025-10-04,Toys,37.93
2025-10-05,Electronics,301.8
2025-10-05,Home & Kitchen,73.86
2025-10-05,Books,41.06
2025-10-05,Electronics,321.56
2025-10-05,Fashion,72.76
2025-10-06,Home & Kitchen,50.81
2025-10-06,Books,36.04
2025-10-06,Toys,35.58
2025-10-06,Books,6.52
2025-10-06,Home & Kitchen,58.97
2025-10-06,Home & Kitchen,83.52
2025-10-07,Electronics,294.83
2025-10-07,Electronics,295.39
2025-10-07,Toys,65.94
2025-10-07,Electronics,304.73
2025-10-07,Electronics,310.57
2025-10-07,Electronics,299.7
2025-10-07,Home & Kitchen,84.49
2025-10-07,Toys,41.63
2025-10-07,Toys,48.24
2025-10-08,Home & Kitchen,83.73
2025-10-08,Books,59.99
2025-10-08,Home & Kitchen,52.08
2025-10-08,Electronics,296.89
2025-10-08,Books,62.12
2025-10-09,Fashion,33.27
2025-10-09,Toys,30.42
2025-10-09,Books,18.62
2025-10-09,Fashion,35.23
2025-10-09,Home & Kitchen,65.43
2025-10-09,Home & Kitchen,55.71
2025-10-09,Electronics,316.69
2025-10-09,Toys,26.42
2025-10-10,Home & Kitchen,73.21
2025-10-10,Books,50.73
2025-10-10,Electronics,308.73
2025-10-10,Fashion,56.02
2025-10-10,Home & Kitchen,61.8
2025-10-11,Books,61.46
2025-10-11,Books,53.31
2025-10-11,Toys,59.69
2025-10-11,Electronics,293.08
2025-10-11,Home & Kitchen,43.75
2025-10-11,Home & Kitchen,75.01
2025-10-11,Books,42.15
2025-10-11,Books,16.19
2025-10-12,Fashion,36.77
2025-10-12,Electronics,334.92
2025-10-12,Toys,37.83
2025-10-12,Fashion,88.04
2025-10-12,Toys,38.75
2025-10-12,Home & Kitchen,65.63
2025-10-12,Electronics,343.88
2025-10-12,Books,37.14
2025-10-12,Home & Kitchen,80.0
2025-10-12,Toys,27.36
2025-10-12,Books,8.23
2025-10-12,Home & Kitchen,98.64
2025-10-12,Toys,54.8
2025-10-13,Books,56.42
2025-10-13,Fashion,59.54
2025-10-13,Home & Kitchen,91.33
2025-10-13,Fashion,50.5
2025-10-13,Toys,45.94
2025-10-13,Toys,68.84
2025-10-14,Home & Kitchen,59.67
2025-10-14,Fashion,66.85
2025-10-14,Toys,38.62
2025-10-14,Fashion,50.4
2025-10-14,Fashion,81.08
2025-10-14,Toys,61.61
2025-10-14,Fashion,70.82
2025-10-14,Fashion,39.93
2025-10-14,Toys,47.12
2025-10-14,Fashion,41.79
2025-10-15,Home & Kitchen,42.49
2025-10-15,Toys,65.19
2025-10-15,Home & Kitchen,80.02
2025-10-15,Fashion,48.38
2025-10-15,Home & Kitchen,95.81
2025-10-16,Home & Kitchen,43.17
2025-10-16,Home & Kitchen,46.08
2025-10-16,Fashion,48.17
2025-10-16,Fashion,58.94
2025-10-16,Books,15.48
2025-10-16,Home & Kitchen,62.78
2025-10-16,Electronics,348.19
2025-10-16,Toys,22.45
2025-10-16,Books,50.73
2025-10-16,Home & Kitchen,51.03
2025-10-16,Toys,55.0
2025-10-17,Books,34.39
2025-10-17,Home & Kitchen,60.07
2025-10-17,Toys,58.68
2025-10-17,Toys,63.31
2025-10-17,Books,10.1
2025-10-17,Books,35.4
2025-10-17,Home & Kitchen,56.61
2025-10-17,Toys,23.21
2025-10-17,Books,60.36
2025-10-17,Electronics,309.67
2025-10-17,Toys,43.49
2025-10-17,Books,56.13
2025-10-17,Home & Kitchen,42.98
2025-10-18,Home & Kitchen,43.79
2025-10-18,Fashion,35.12
2025-10-18,Toys,46.08
2025-10-18,Toys,31.88
2025-10-18,Electronics,315.75
2025-10-18,Books,11.37
2025-10-18,Books,19.39
2025-10-19,Electronics,336.12
2025-10-19,Home & Kitchen,74.61
2025-10-19,Fashion,77.52
2025-10-19,Electronics,293.16
2025-10-19,Toys,58.14
2025-10-19,Electronics,340.64
2025-10-19,Home & Kitchen,46.03
2025-10-19,Toys,17.4
2025-10-19,Fashion,81.65
2025-10-19,Toys,49.25
2025-10-19,Toys,68.09
2025-10-19,Toys,20.97
2025-10-19,Books,64.6
2025-10-19,Home & Kitchen,98.2
2025-10-20,Electronics,326.05
2025-10-20,Electronics,307.11
2025-10-20,Fashion,71.11
2025-10-20,Fashion,42.09
2025-10-20,Fashion,46.92
2025-10-20,Electronics,295.74
2025-10-20,Home & Kitchen,43.37
2025-10-20,Home & Kitchen,94.77
2025-10-21,Home & Kitchen,72.78
2025-10-21,Toys,34.04
2025-10-21,Fashion,81.12
2025-10-21,Fashion,36.14
2025-10-21,Books,59.37
2025-10-21,Books,62.82
2025-10-21,Toys,66.64
2025-10-21,Books,9.78
2025-10-21,Toys,38.65
2025-10-22,Books,12.57
2025-10-22,Books,53.12
2025-10-22,Toys,47.24
2025-10-22,Fashion,83.95
2025-10-22,Toys,31.29
2025-10-22,Home & Kitchen,90.7
2025-10-22,Books,45.58
2025-10-22,Books,50.39
2025-10-22,Electronics,302.54
2025-10-22,Books,42.0
2025-10-22,Toys,74.73
2025-10-22,Toys,43.11
2025-10-22,Toys,41.57
2025-10-22,Toys,22.82
2025-10-23,Toys,34.07
2025-10-23,Books,31.75
2025-10-23,Toys,33.11
2025-10-23,Electronics,295.2
2025-10-23,Books,29.18
2025-10-23,Books,28.28
2025-10-23,Fashion,38.02
2025-10-23,Home & Kitchen,85.09
2025-10-24,Toys,55.6
2025-10-24,Fashion,86.29
2025-10-24,Books,42.71
2025-10-24,Electronics,335.92
2025-10-24,Fashion,42.29
2025-10-24,Electronics,304.14
2025-10-24,Toys,38.95
2025-10-24,Fashion,42.21
2025-10-24,Books,60.11
2025-10-24,Books,63.6
2025-10-24,Books,19.34
2025-10-24,Toys,41.07
2025-10-24,Toys,66.03
2025-10-24,Fashion,86.86
2025-10-25,Home & Kitchen,85.37
2025-10-25,Books,34.35
2025-10-25,Toys,29.55
2025-10-25,Books,18.7
2025-10-25,Books,18.82
2025-10-25,Home & Kitchen,68.46
2025-10-25,Home & Kitchen,47.09
2025-10-25,Fashion,33.44
2025-10-25,Fashion,64.63
2025-10-25,Home & Kitchen,75.87
2025-10-25,Books,47.07
2025-10-25,Electronics,325.12
2025-10-25,Home & Kitchen,96.04
2025-10-26,Fashion,60.87
2025-10-26,Electronics,333.04
2025-10-26,Electronics,337.87
2025-10-26,Fashion,57.41
2025-10-26,Books,33.53
2025-10-26,Fashion,71.83
2025-10-26,Home & Kitchen,91.78
2025-10-26,Books,9.13
2025-10-26,Toys,40.03
2025-10-26,Books,17.24
2025-10-26,Toys,18.73
2025-10-26,Books,23.68
2025-10-27,Electronics,318.16
2025-10-27,Toys,54.05
2025-10-27,Toys,26.56
2025-10-27,Books,22.87
2025-10-27,Books,63.4
2025-10-27,Books,18.65
2025-10-27,Books,9.52
2025-10-27,Fashion,86.4
2025-10-27,Toys,15.43
2025-10-28,Electronics,300.75
2025-10-28,Toys,42.01
2025-10-28,Home & Kitchen,82.58
2025-10-28,Books,47.34
2025-10-28,Toys,20.8
2025-10-28,Books,62.68
2025-10-28,Toys,60.95
2025-10-28,Electronics,291.31
2025-10-28,Toys,16.17
2025-10-28,Books,41.35
2025-10-28,Fashion,31.63
2025-10-28,Books,38.72
2025-10-28,Toys,60.71
2025-10-28,Electronics,324.11
2025-10-29,Books,33.62
2025-10-29,Home & Kitchen,70.58
2025-10-29,Electronics,343.64
2025-10-29,Home & Kitchen,69.24
2025-10-29,Books,60.61
2025-10-30,Books,32.17
2025-10-30,Electronics,347.53
2025-10-30,Toys,49.79
2025-10-30,Electronics,306.74
2025-10-30,Electronics,349.93
2025-10-30,Fashion,79.24
2025-10-30,Fashion,34.95
2025-10-30,Fashion,73.8
2025-10-30,Toys,45.63
2025-10-30,Books,23.99
2025-10-30,Toys,67.18
2025-10-30,Fashion,45.52
2025-10-31,Electronics,290.37
2025-10-31,Home & Kitchen,96.26
2025-10-31,Home & Kitchen,97.64
2025-10-31,Books,52.29
2025-10-31,Fashion,45.46
2025-11-01,Fashion,73.99
2025-11-01,Home & Kitchen,57.25
2025-11-01,Fashion,44.2
2025-11-01,Books,10.82
2025-11-01,Books,63.65
2025-11-01,Toys,18.46
2025-11-01,Books,41.19
2025-11-01,Electronics,306.3
2025-11-02,Toys,45.91
2025-11-02,Electronics,330.08
2025-11-02,Home & Kitchen,62.26
2025-11-02,Fashion,40.23
2025-11-02,Electronics,343.74
2025-11-02,Books,19.38
2025-11-02,Books,34.05
2025-11-02,Toys,45.83
2025-11-02,Fashion,50.52
2025-11-02,Books,47.33
2025-11-02,Toys,28.46
2025-11-02,Electronics,304.16
2025-11-03,Books,35.77
2025-11-03,Fashion,72.42
2025-11-03,Fashion,38.37
2025-11-03,Toys,29.65
2025-11-03,Home & Kitchen,62.32
2025-11-03,Home & Kitchen,47.88
2025-11-03,Fashion,53.67
2025-11-03,Fashion,73.09
2025-11-03,Fashion,87.49
2025-11-03,Toys,45.84
2025-11-03,Books,55.25
2025-11-04,Books,24.26
2025-11-04,Fashion,40.38
2025-11-04,Books,18.82
2025-11-04,Books,54.31
2025-11-04,Electronics,311.21
2025-11-04,Electronics,292.87
2025-11-04,Home & Kitchen,59.24
2025-11-04,Home & Kitchen,40.41
2025-11-04,Books,63.49
2025-11-04,Home & Kitchen,86.76
2025-11-04,Books,64.0
2025-11-04,Books,29.31
2025-11-04,Electronics,332.96
2025-11-05,Home & Kitchen,43.85
2025-11-05,Toys,59.37
2025-11-05,Home & Kitchen,90.5
2025-11-05,Home & Kitchen,65.04
2025-11-05,Fashion,86.27
2025-11-05,Home & Kitchen,47.14
2025-11-05,Toys,26.95
2025-11-05,Electronics,327.21
2025-11-05,Home & Kitchen,47.54
2025-11-05,Electronics,306.27
2025-11-05,Fashion,54.67
2025-11-06,Electronics,303.05
2025-11-06,Fashion,38.36
2025-11-06,Books,57.3
2025-11-06,Fashion,78.01
2025-11-06,Electronics,308.2
2025-11-06,Fashion,46.01
2025-11-06,Books,30.93
2025-11-06,Toys,66.5
2025-11-06,Toys,36.58
2025-11-06,Electronics,300.97
2025-11-06,Electronics,293.65
2025-11-06,Electronics,349.58
2025-11-06,Toys,39.55
2025-11-06,Books,15.56
2025-11-07,Fashion,78.7
2025-11-07,Fashion,78.97
2025-11-07,Books,48.62
2025-11-07,Books,56.11
2025-11-07,Toys,28.51
2025-11-07,Toys,49.14
2025-11-07,Toys,69.91
2025-11-07,Electronics,313.81
2025-11-07,Toys,15.12
2025-11-07,Toys,46.1
2025-11-07,Toys,49.16
2025-11-07,Home & Kitchen,82.87
2025-11-07,Fashion,33.07
2025-11-07,Fashion,56.96
2025-11-08,Electronics,297.48
2025-11-08,Books,24.37
2025-11-08,Home & Kitchen,66.77
2025-11-08,Books,13.0
2025-11-08,Electronics,317.3
2025-11-08,Toys,33.25
2025-11-09,Home & Kitchen,93.98
2025-11-09,Books,11.84
2025-11-09,Books,7.33
2025-11-09,Toys,60.89
2025-11-09,Electronics,317.5
2025-11-09,Toys,17.06
2025-11-09,Toys,66.97
2025-11-09,Fashion,47.56
2025-11-09,Home & Kitchen,55.91
2025-11-09,Fashion,71.5
2025-11-10,Electronics,296.19
2025-11-10,Fashion,59.31
2025-11-10,Home & Kitchen,71.69
2025-11-10,Electronics,306.03
2025-11-10,Toys,53.97
2025-11-10,Toys,22.75
2025-11-11,Toys,19.52
2025-11-11,Home & Kitchen,77.29
2025-11-11,Home & Kitchen,55.45
2025-11-11,Home & Kitchen,93.96
2025-11-11,Fashion,53.1
2025-11-11,Books,41.62
2025-11-11,Home & Kitchen,70.42
2025-11-11,Fashion,74.16
2025-11-12,Toys,25.24
2025-11-12,Books,32.84
2025-11-12,Toys,70.84
2025-11-12,Electronics,349.89
2025-11-12,Fashion,73.52
2025-11-12,Toys,39.47
2025-11-12,Home & Kitchen,43.92
2025-11-12,Fashion,70.86
2025-11-12,Fashion,68.84
2025-11-12,Fashion,62.35
2025-11-13,Electronics,344.71
2025-11-13,Books,7.4
2025-11-13,Fashion,35.82
2025-11-13,Books,40.56
2025-11-13,Home & Kitchen,43.31
2025-11-13,Home & Kitchen,67.82
2025-11-13,Toys,71.81
2025-11-13,Home & Kitchen,58.7
2025-11-13,Toys,18.96
2025-11-13,Electronics,348.86
2025-11-13,Toys,36.32
2025-11-14,Toys,56.97
2025-11-14,Books,8.43
2025-11-14,Toys,22.52
2025-11-14,Fashion,36.15
2025-11-14,Toys,23.38
2025-11-14,Toys,41.94
2025-11-14,Fashion,34.62
2025-11-14,Fashion,79.28
2025-11-14,Home & Kitchen,74.37
2025-11-15,Electronics,342.63
2025-11-15,Electronics,323.03
2025-11-15,Toys,30.26
2025-11-15,Toys,60.6
2025-11-15,Books,35.84
2025-11-15,Home & Kitchen,60.54
2025-11-15,Electronics,295.48
2025-11-15,Home & Kitchen,85.19
2025-11-15,Books,16.29
2025-11-15,Toys,18.42
2025-11-16,Electronics,340.42
2025-11-16,Books,11.57
2025-11-16,Toys,34.6
2025-11-16,Electronics,307.04
2025-11-16,Fashion,46.45
2025-11-16,Home & Kitchen,66.44
2025-11-16,Electronics,327.54
2025-11-16,Books,47.94
2025-11-16,Toys,55.51
2025-11-16,Home & Kitchen,61.15
2025-11-16,Fashion,71.63
2025-11-17,Electronics,335.55
2025-11-17,Fashion,87.76
2025-11-17,Home & Kitchen,70.77
2025-11-17,Electronics,296.34
2025-11-17,Fashion,66.14
2025-11-17,Home & Kitchen,77.1
2025-11-18,Home & Kitchen,82.2
2025-11-18,Home & Kitchen,43.37
2025-11-18,Toys,44.83
2025-11-18,Books,43.43
2025-11-18,Electronics,315.92
2025-11-18,Toys,17.01
2025-11-19,Fashion,72.73
2025-11-19,Fashion,43.06
2025-11-19,Books,7.88
2025-11-19,Toys,27.7
2025-11-19,Home & Kitchen,85.54
2025-11-19,Books,18.34
2025-11-19,Fashion,68.76
2025-11-19,Electronics,311.05
2025-11-19,Electronics,335.29
2025-11-19,Fashion,84.7
2025-11-19,Toys,39.33
2025-11-19,Home & Kitchen,40.14
2025-11-19,Home & Kitchen,57.69
2025-11-20,Home & Kitchen,73.88
2025-11-20,Fashion,57.47
2025-11-20,Books,20.94
2025-11-20,Home & Kitchen,51.8
2025-11-20,Home & Kitchen,94.42
2025-11-20,Books,37.74
2025-11-20,Toys,71.74
2025-11-20,Books,36.25
2025-11-20,Books,16.3
2025-11-20,Books,13.63
2025-11-20,Electronics,320.89
2025-11-20,Fashion,77.73
2025-11-20,Fashion,37.82
2025-11-20,Fashion,74.02
2025-11-21,Toys,47.7
2025-11-21,Books,60.42
2025-11-21,Toys,24.9
2025-11-21,Electronics,311.95
2025-11-21,Home & Kitchen,80.63
2025-11-21,Books,42.72
2025-11-21,Toys,17.34
2025-11-21,Toys,40.86
2025-11-21,Books,39.17
2025-11-22,Electronics,299.82
2025-11-22,Books,5.41
2025-11-22,Fashion,71.14
2025-11-22,Home & Kitchen,81.2
2025-11-22,Fashion,77.91
2025-11-22,Fashion,43.42
2025-11-22,Fashion,84.61
2025-11-22,Books,42.84
2025-11-22,Books,23.62
2025-11-22,Electronics,295.9
2025-11-22,Home & Kitchen,96.43
2025-11-22,Toys,67.48
2025-11-22,Electronics,327.45
2025-11-23,Books,57.54
2025-11-23,Electronics,290.22
2025-11-23,Home & Kitchen,83.26
2025-11-23,Home & Kitchen,41.69
2025-11-23,Toys,32.97
2025-11-23,Home & Kitchen,48.77
2025-11-23,Books,58.89
2025-11-23,Fashion,69.14
2025-11-24,Home & Kitchen,75.76
2025-11-24,Toys,49.78
2025-11-24,Home & Kitchen,56.18
2025-11-24,Home & Kitchen,40.42
2025-11-24,Electronics,302.69
2025-11-24,Books,29.82
2025-11-24,Electronics,347.93
2025-11-25,Books,51.2
2025-11-25,Toys,23.14
2025-11-25,Toys,72.86
2025-11-25,Electronics,307.97
2025-11-25,Home & Kitchen,56.3
2025-11-25,Fashion,42.23
2025-11-25,Toys,20.3
2025-11-25,Home & Kitchen,63.97
2025-11-25,Fashion,67.78
2025-11-26,Fashion,39.99
2025-11-26,Books,13.26
2025-11-26,Electronics,291.11
2025-11-26,Electronics,329.48
2025-11-26,Books,52.19
2025-11-26,Home & Kitchen,58.35
2025-11-26,Toys,41.75
2025-11-26,Books,41.67
2025-11-26,Fashion,51.65
2025-11-26,Home & Kitchen,78.24
2025-11-26,Fashion,89.77
2025-11-26,Home & Kitchen,78.1
2025-11-26,Toys,35.69
2025-11-27,Electronics,343.2
2025-11-27,Electronics,332.9
2025-11-27,Fashion,67.8
2025-11-27,Home & Kitchen,49.26
2025-11-27,Books,10.61
2025-11-27,Books,57.41
2025-11-27,Fashion,56.98
2025-11-27,Fashion,74.16
2025-11-27,Books,42.32
2025-11-27,Home & Kitchen,49.75
2025-11-27,Electronics,301.54
2025-11-27,Electronics,329.86
2025-11-27,Fashion,75.74
2025-11-27,Fashion,30.52
2025-11-28,Home & Kitchen,66.12
2025-11-28,Fashion,61.08
2025-11-28,Home & Kitchen,85.03
2025-11-28,Books,48.08
2025-11-28,Fashion,82.68
2025-11-28,Electronics,303.98
2025-11-28,Home & Kitchen,50.67
2025-11-28,Toys,41.41
2025-11-28,Toys,64.8
2025-11-28,Home & Kitchen,75.86
2025-11-28,Toys,16.75
2025-11-28,Fashion,56.89
2025-11-29,Home & Kitchen,43.34
2025-11-29,Home & Kitchen,61.52
2025-11-29,Electronics,318.81
2025-11-29,Electronics,297.84
2025-11-29,Home & Kitchen,95.01
2025-11-29,Home & Kitchen,67.07
2025-11-30,Home & Kitchen,75.17
2025-11-30,Books,16.54
2025-11-30,Toys,30.02
2025-11-30,Home & Kitchen,71.98
2025-11-30,Fashion,68.23
2025-11-30,Fashion,37.76
2025-11-30,Home & Kitchen,95.8
2025-11-30,Toys,41.81
2025-11-30,Toys,33.14
2025-11-30,Electronics,299.87
2025-11-30,Home & Kitchen,91.19
2025-11-30,Home & Kitchen,82.63
2025-12-01,Fashion,61.04
2025-12-01,Home & Kitchen,99.07
2025-12-01,Electronics,332.89
2025-12-01,Home & Kitchen,97.95
2025-12-01,Books,62.73
2025-12-01,Fashion,44.73
2025-12-02,Toys,73.37
2025-12-02,Books,41.87
2025-12-02,Home & Kitchen,46.03
2025-12-02,Electronics,309.85
2025-12-02,Toys,39.41
2025-12-02,Fashion,62.0
2025-12-02,Fashion,71.08
2025-12-02,Toys,29.34
2025-12-03,Books,17.41
2025-12-03,Electronics,291.18
2025-12-03,Home & Kitchen,46.22
2025-12-03,Fashion,50.31
2025-12-03,Home & Kitchen,80.82
2025-12-03,Fashion,54.48
2025-12-03,Toys,24.58
2025-12-03,Electronics,291.89
2025-12-03,Toys,52.35
2025-12-03,Home & Kitchen,93.94
2025-12-04,Toys,63.66
2025-12-04,Toys,65.65
2025-12-04,Fashion,54.39
2025-12-04,Books,34.03
2025-12-04,Toys,55.34
2025-12-04,Fashion,35.25
2025-12-04,Books,17.94
2025-12-04,Books,18.03
2025-12-04,Toys,32.35
2025-12-04,Fashion,40.97
2025-12-05,Home & Kitchen,72.25
2025-12-05,Electronics,306.41
2025-12-05,Toys,73.97
2025-12-05,Books,7.68
2025-12-05,Electronics,290.84
2025-12-06,Fashion,85.94
2025-12-06,Toys,64.36
2025-12-06,Toys,72.2
2025-12-06,Toys,42.57
2025-12-06,Toys,19.33
2025-12-06,Home & Kitchen,47.53
2025-12-06,Electronics,335.91
2025-12-06,Electronics,298.96
2025-12-06,Electronics,322.19
2025-12-06,Toys,67.34
2025-12-06,Books,41.47
2025-12-06,Electronics,347.74
2025-12-06,Books,50.75
2025-12-07,Toys,16.88
2025-12-07,Fashion,67.34
2025-12-07,Books,35.11
2025-12-07,Electronics,297.95
2025-12-07,Home & Kitchen,80.16
2025-12-07,Home & Kitchen,55.64
2025-12-08,Electronics,295.95
2025-12-08,Books,12.73
2025-12-08,Home & Kitchen,40.96
2025-12-08,Home & Kitchen,77.39
2025-12-08,Fashion,84.17
2025-12-08,Books,10.8
2025-12-08,Toys,29.14
2025-12-08,Electronics,335.79
2025-12-08,Home & Kitchen,47.61
2025-12-08,Books,40.61
2025-12-08,Books,22.35
2025-12-08,Fashion,39.65
2025-12-08,Home & Kitchen,67.2
2025-12-08,Toys,21.35
2025-12-09,Electronics,338.88
2025-12-09,Electronics,318.47
2025-12-09,Fashion,87.02
2025-12-09,Toys,38.65
2025-12-09,Fashion,77.81
2025-12-10,Toys,63.33
2025-12-10,Electronics,339.92
2025-12-10,Home & Kitchen,75.27
2025-12-10,Toys,58.56
2025-12-10,Fashion,44.3
2025-12-10,Fashion,66.27
2025-12-10,Home & Kitchen,60.04
2025-12-10,Books,63.7
2025-12-10,Toys,21.38
2025-12-10,Home & Kitchen,50.23
2025-12-10,Electronics,292.11
2025-12-10,Fashion,62.65
2025-12-11,Books,22.91
2025-12-11,Toys,72.93
2025-12-11,Books,21.69
2025-12-11,Electronics,319.85
2025-12-11,Fashion,75.57
2025-12-11,Home & Kitchen,44.6
2025-12-11,Toys,16.27
2025-12-11,Fashion,59.36
2025-12-11,Electronics,333.37
2025-12-11,Toys,27.3
2025-12-11,Home & Kitchen,75.01
2025-12-11,Toys,66.15
2025-12-12,Home & Kitchen,65.73
2025-12-12,Fashion,84.35
2025-12-12,Home & Kitchen,56.05
2025-12-12,Books,9.92
2025-12-12,Toys,50.0
2025-12-12,Fashion,52.58
2025-12-12,Books,37.69
2025-12-12,Home & Kitchen,94.88
2025-12-12,Electronics,329.53
2025-12-12,Books,48.72
2025-12-12,Fashion,42.12
2025-12-12,Books,5.24
2025-12-12,Fashion,78.14
2025-12-12,Books,48.65
2025-12-13,Books,40.29
2025-12-13,Fashion,52.56
2025-12-13,Toys,47.38
2025-12-13,Home & Kitchen,58.81
2025-12-13,Books,11.14
2025-12-13,Books,46.96
2025-12-13,Fashion,78.11
2025-12-14,Home & Kitchen,46.5
2025-12-14,Toys,22.08
2025-12-14,Home & Kitchen,50.09
2025-12-14,Home & Kitchen,41.65
2025-12-14,Home & Kitchen,77.51
2025-12-14,Fashion,40.49
2025-12-14,Books,37.41
2025-12-14,Toys,58.49
2025-12-14,Books,45.8
2025-12-14,Electronics,334.6
2025-12-14,Fashion,89.74
2025-12-14,Toys,24.29
2025-12-15,Toys,68.32
2025-12-15,Books,34.34
2025-12-15,Electronics,302.28
2025-12-15,Fashion,33.36
2025-12-15,Home & Kitchen,58.16
2025-12-15,Fashion,46.76
2025-12-16,Fashion,39.57
2025-12-16,Fashion,82.94
2025-12-16,Books,16.86
2025-12-16,Home & Kitchen,83.38
2025-12-16,Toys,27.61
2025-12-17,Books,28.37
2025-12-17,Electronics,290.94
2025-12-17,Fashion,35.39
2025-12-17,Fashion,38.74
2025-12-17,Toys,21.06
2025-12-17,Home & Kitchen,99.99
2025-12-17,Fashion,68.32
2025-12-17,Electronics,345.24
2025-12-17,Books,17.56
2025-12-17,Books,41.66
2025-12-17,Toys,70.2
2025-12-18,Home & Kitchen,45.43
2025-12-18,Toys,70.6
2025-12-18,Fashion,50.23
2025-12-18,Home & Kitchen,87.34
2025-12-18,Home & Kitchen,93.33
2025-12-18,Toys,39.06
2025-12-18,Fashion,85.9
2025-12-18,Electronics,338.19
2025-12-18,Home & Kitchen,49.08
2025-12-18,Home & Kitchen,61.7
2025-12-19,Books,53.56
2025-12-19,Books,7.83
2025-12-19,Toys,22.28
2025-12-19,Books,9.22
2025-12-19,Books,28.41
2025-12-19,Books,5.24
2025-12-19,Books,15.47
2025-12-19,Home & Kitchen,98.32
2025-12-19,Fashion,68.65
2025-12-19,Fashion,55.17
2025-12-19,Toys,27.93
2025-12-19,Home & Kitchen,72.65
2025-12-20,Electronics,335.42
2025-12-20,Home & Kitchen,50.15
2025-12-20,Toys,62.85
2025-12-20,Books,10.49
2025-12-20,Electronics,317.83
2025-12-20,Fashion,31.08
2025-12-20,Books,37.99
2025-12-20,Books,44.81
2025-12-20,Electronics,342.97
2025-12-20,Fashion,81.09
2025-12-20,Fashion,41.43
2025-12-20,Home & Kitchen,90.55
2025-12-20,Home & Kitchen,43.05
2025-12-20,Fashion,50.46
2025-12-21,Electronics,329.87
2025-12-21,Toys,47.96
2025-12-21,Home & Kitchen,97.7
2025-12-21,Toys,52.32
2025-12-21,Electronics,340.62
2025-12-21,Books,37.47
2025-12-22,Fashion,33.75
2025-12-22,Books,17.45
2025-12-22,Toys,21.15
2025-12-22,Electronics,295.11
2025-12-22,Electronics,298.57
2025-12-22,Fashion,87.87
2025-12-22,Toys,74.56
2025-12-23,Electronics,307.63
2025-12-23,Home & Kitchen,58.69
2025-12-23,Fashion,72.19
2025-12-23,Fashion,67.87
2025-12-23,Toys,37.57
2025-12-23,Home & Kitchen,71.56
2025-12-24,Electronics,321.46
2025-12-24,Books,48.71
2025-12-24,Toys,31.65
2025-12-24,Books,16.67
2025-12-24,Toys,49.63
2025-12-25,Toys,16.76
2025-12-25,Fashion,60.57
2025-12-25,Electronics,294.6
2025-12-25,Home & Kitchen,80.12
2025-12-25,Electronics,314.52
2025-12-25,Books,57.29
2025-12-25,Electronics,292.25
2025-12-25,Fashion,53.18
2025-12-25,Books,35.52
2025-12-26,Electronics,301.4
2025-12-26,Books,59.02
2025-12-26,Books,19.85
2025-12-26,Toys,55.32
2025-12-26,Fashion,78.35
2025-12-26,Books,9.39
2025-12-26,Toys,73.8
2025-12-26,Electronics,306.1
2025-12-26,Fashion,40.52
2025-12-26,Fashion,64.15
2025-12-26,Home & Kitchen,66.81
2025-12-26,Home & Kitchen,72.43
2025-12-26,Electronics,345.18
2025-12-26,Toys,55.42
2025-12-27,Electronics,317.94
2025-12-27,Electronics,322.5
2025-12-27,Toys,30.41
2025-12-27,Books,26.41
2025-12-27,Electronics,339.81
2025-12-27,Books,41.93
2025-12-27,Fashion,61.55
2025-12-27,Toys,49.89
2025-12-28,Home & Kitchen,93.39
2025-12-28,Toys,25.42
2025-12-28,Fashion,31.67
2025-12-28,Fashion,83.52
2025-12-28,Fashion,89.51
2025-12-28,Toys,64.99
2025-12-28,Electronics,333.64
2025-12-28,Electronics,331.6
2025-12-28,Home & Kitchen,66.58
2025-12-29,Books,56.42
2025-12-29,Electronics,322.93
2025-12-29,Toys,49.98
2025-12-29,Electronics,329.62
2025-12-29,Toys,32.95
2025-12-29,Books,7.87
2025-12-29,Books,17.31
2025-12-29,Electronics,297.54
2025-12-29,Home & Kitchen,93.16
2025-12-29,Electronics,334.12
2025-12-29,Home & Kitchen,93.25
2025-12-29,Books,8.49
2025-12-30,Electronics,299.41
2025-12-30,Home & Kitchen,63.23
2025-12-30,Electronics,306.1
2025-12-30,Home & Kitchen,50.85
2025-12-30,Fashion,45.13
2025-12-30,Electronics,320.91
2025-12-30,Books,42.07
2025-12-30,Books,38.16
2025-12-30,Electronics,347.27
2025-12-30,Toys,46.77
2025-12-31,Fashion,69.41
2025-12-31,Toys,47.35
2025-12-31,Fashion,67.34
2025-12-31,Electronics,293.82
2025-12-31,Books,55.47
2025-12-31,Home & Kitchen,65.82
2025-12-31,Electronics,333.27
2025-12-31,Fashion,32.46
2025-12-31,Home & Kitchen,98.91
2025-12-31,Books,57.99
